<?xml version="1.0" encoding="utf-8"?>
<eml:eml xmlns:eml="https://eml.ecoinformatics.org/eml-2.2.0" xmlns:xsi="http://www.w3.org/2001/XMLSchema-instance"
         xsi:schemaLocation="https://eml.ecoinformatics.org/eml-2.2.0 https://rs.gbif.org/schema/eml-gbif-profile/1.3/eml.xsd"
packageId="039c9aba-2f77-4001-a72a-40b9fa830ab4"  system="http://gbif.org" scope="system"
xml:lang="en">
    <dataset>
        <alternateIdentifier>10.15468/3qrghp</alternateIdentifier>
        <alternateIdentifier>https://bryophyteportal.org/portal/collections/misc/collprofiles.php?collid=12</alternateIdentifier>
        <title>Academy of Natural Sciences of Drexel University - Bryophytes</title>
        <creator>
            <organizationName>Bryophyte Portal</organizationName>
            <electronicMailAddress>BryophyteConsortium@gmail.com</electronicMailAddress>
            <onlineUrl>https://bryophyteportal.org/portal/index.php</onlineUrl>
        </creator>
        <metadataProvider>
            <organizationName>Bryophyte Portal</organizationName>
            <electronicMailAddress>BryophyteConsortium@gmail.com</electronicMailAddress>
            <onlineUrl>https://bryophyteportal.org/portal/index.php</onlineUrl>
        </metadataProvider>
        <associatedParty>
            <individualName>
                <givenName>Chelsea</givenName>
                <surName>Smith</surName>
            </individualName>
            <positionName>Collection Manager</positionName>
            <electronicMailAddress>ans_ph_herbarium@drexel.edu</electronicMailAddress>
            <role>CONTENT_PROVIDER</role>
        </associatedParty>
        <pubDate>
                2025-10-01
        </pubDate>
        <language>ENGLISH</language>
        <abstract>
            <para>PH (the official, internationally recognized abbreviation for the herbarium at the Academy of Natural Sciences) is the oldest institutional herbarium in U.S. It is a national resource for material from 1750-1850, with some dating from as early as 1689.</para>
        </abstract>
        <intellectualRights>
            <para>This work is licensed under a <ulink url="http://creativecommons.org/licenses/by/4.0/legalcode"><citetitle>Creative Commons Attribution (CC-BY) 4.0 License</citetitle></ulink>.</para>
        </intellectualRights>
        <licensed>
            <licenseName>Creative Commons Attribution 4.0 International</licenseName>
            <url>https://spdx.org/licenses/CC-BY-4.0.html</url>
            <identifier>CC-BY-4.0</identifier>
        </licensed>
        <distribution scope="document">
            <online>
                <url function="download">https://bryophyteportal.org/portal/content/dwca/PH_DwC-A.zip</url>
            </online>
        </distribution>
        <contact>
            <organizationName>Academy of Natural Sciences of Drexel University - Bryophytes</organizationName>
            <electronicMailAddress>ans_ph_herbarium@drexel.edu</electronicMailAddress>
            <onlineUrl>http://www.ansp.org/research/systematics-evolution/collections/botany/</onlineUrl>
        </contact>

    </dataset>

    <additionalMetadata>
        <metadata>
            <gbif>
                <dateStamp>2025-10-11T04:46:58Z</dateStamp>
                <citation>Academy of Natural Sciences (2025). Academy of Natural Sciences of Drexel University - Bryophytes. Occurrence dataset https://doi.org/10.15468/3qrghp accessed via GBIF.org on 2025-10-11.</citation>
            </gbif>
        </metadata>
    </additionalMetadata>
    </eml:eml>
