<?xml version="1.0" encoding="utf-8"?>
<eml:eml xmlns:eml="https://eml.ecoinformatics.org/eml-2.2.0" xmlns:xsi="http://www.w3.org/2001/XMLSchema-instance"
         xsi:schemaLocation="https://eml.ecoinformatics.org/eml-2.2.0 https://rs.gbif.org/schema/eml-gbif-profile/1.3/eml.xsd"
packageId="0d8d90f4-973a-46a1-9ea1-55b0c7b222ea"  system="http://gbif.org" scope="system"
xml:lang="en">
    <dataset>
        <alternateIdentifier>10.15468/dpyqml</alternateIdentifier>
        <alternateIdentifier>https://ecdysis.org/collections/misc/collprofiles.php?collid=95</alternateIdentifier>
        <alternateIdentifier>https://biokic2.rc.asu.edu:443/portal/collections/misc/collprofiles.php?collid=220</alternateIdentifier>
        <alternateIdentifier>https://scan-bugs.org:443/portal/collections/misc/collprofiles.php?collid=220</alternateIdentifier>
        <title>San Diego Natural History Museum Entomology Department</title>
        <creator>
            <organizationName>Ecdysis</organizationName>
            <onlineUrl>https://ecdysis.org/index.php</onlineUrl>
        </creator>
        <metadataProvider>
            <organizationName>Ecdysis</organizationName>
            <onlineUrl>https://ecdysis.org/index.php</onlineUrl>
        </metadataProvider>
        <associatedParty>
            <individualName>
                <givenName>Pamela</givenName>
                <surName>Horsley</surName>
            </individualName>
            <positionName>Collections Manager</positionName>
            <electronicMailAddress>phorsley@sdnhm.org</electronicMailAddress>
            <role>CONTENT_PROVIDER</role>
        </associatedParty>
        <associatedParty>
            <individualName>
                <givenName>Christiana</givenName>
                <surName>Mojica</surName>
            </individualName>
            <positionName>Project Manager</positionName>
            <electronicMailAddress>cmojica@sdnhm.org</electronicMailAddress>
            <role>CONTENT_PROVIDER</role>
        </associatedParty>
        <pubDate>
                2025-10-01
        </pubDate>
        <language>ENGLISH</language>
        <abstract>
            <para>Collection is heavily focused on the SW USA and NW Mexico, particularly the peninsula of Baja California. Notably strong collections of Lepidoptera and Neuroptera. The median date of specimen acquisition is 1957 with collections ranging from 1905 to present day. Current and near future collection priorities will focus on underrepresented areas in Baja California, particular inland and coastal dunes.</para>
        </abstract>
        <intellectualRights>
            <para>To the extent possible under law, the publisher has waived all rights to these data and has dedicated them to the <ulink url="http://creativecommons.org/publicdomain/zero/1.0/legalcode"><citetitle>Public Domain (CC0 1.0)</citetitle></ulink>. Users may copy, modify, distribute and use the work, including for commercial purposes, without restriction.</para>
        </intellectualRights>
        <licensed>
            <licenseName>Creative Commons Zero v1.0 Universal</licenseName>
            <url>https://spdx.org/licenses/CC0-1.0.html</url>
            <identifier>CC0-1.0</identifier>
        </licensed>
        <distribution scope="document">
            <online>
                <url function="download">https://ecdysis.org/content/dwca/SDNHM-SDMC_DwC-A.zip</url>
            </online>
        </distribution>
        <contact>
            <organizationName>San Diego Natural History Museum Entomology Department</organizationName>
            <electronicMailAddress>phorsley@sdnhm.org</electronicMailAddress>
            <onlineUrl>https://www.sdnhm.org/science/entomology/</onlineUrl>
        </contact>

    </dataset>

    <additionalMetadata>
        <metadata>
            <gbif>
                <dateStamp>2025-10-11T04:46:59Z</dateStamp>
                <citation>San Diego Natural History Museum (2025). San Diego Natural History Museum Entomology Department. Occurrence dataset https://doi.org/10.15468/dpyqml accessed via GBIF.org on 2025-10-11.</citation>
            </gbif>
        </metadata>
    </additionalMetadata>
    </eml:eml>
