<?xml version="1.0" encoding="utf-8"?>
<eml:eml xmlns:eml="https://eml.ecoinformatics.org/eml-2.2.0" xmlns:xsi="http://www.w3.org/2001/XMLSchema-instance"
         xsi:schemaLocation="https://eml.ecoinformatics.org/eml-2.2.0 https://rs.gbif.org/schema/eml-gbif-profile/1.3/eml.xsd"
packageId="10703862-f1d8-48a7-9853-dc65d8df1d86"  system="http://gbif.org" scope="system"
xml:lang="en">
    <dataset>
        <alternateIdentifier>10.15468/m2fwn8</alternateIdentifier>
        <alternateIdentifier>https://bellatlas.umn.edu/collections/misc/collprofiles.php?collid=7</alternateIdentifier>
        <alternateIdentifier>https://bellatlas.umn.edu:443/collections/misc/collprofiles.php?collid=7</alternateIdentifier>
        <title>Bell Museum bryophytes</title>
        <creator>
            <organizationName>Minnesota Biodiversity Atlas</organizationName>
            <onlineUrl>https://bellatlas.umn.edu/index.php</onlineUrl>
        </creator>
        <metadataProvider>
            <organizationName>Minnesota Biodiversity Atlas</organizationName>
            <onlineUrl>https://bellatlas.umn.edu/index.php</onlineUrl>
        </metadataProvider>
        <associatedParty>
            <individualName>
                <surName>Timothy Whitfeld, collections manager</surName>
            </individualName>
            <electronicMailAddress>museum-herbarium@umn.edu</electronicMailAddress>
            <role>CONTENT_PROVIDER</role>
        </associatedParty>
        <pubDate>
                2025-10-10
        </pubDate>
        <language>ENGLISH</language>
        <abstract>
            <para>Records of specimens at the University of Minnesota herbarium (MIN)</para>
        </abstract>
        <intellectualRights>
            <para>To the extent possible under law, the publisher has waived all rights to these data and has dedicated them to the <ulink url="http://creativecommons.org/publicdomain/zero/1.0/legalcode"><citetitle>Public Domain (CC0 1.0)</citetitle></ulink>. Users may copy, modify, distribute and use the work, including for commercial purposes, without restriction.</para>
        </intellectualRights>
        <licensed>
            <licenseName>Creative Commons Zero v1.0 Universal</licenseName>
            <url>https://spdx.org/licenses/CC0-1.0.html</url>
            <identifier>CC0-1.0</identifier>
        </licensed>
        <distribution scope="document">
            <online>
                <url function="download">https://bellatlas.umn.edu/content/dwca/MIN-Bryophytes_DwC-A.zip</url>
            </online>
        </distribution>
        <contact>
            <organizationName>Bell Museum bryophytes</organizationName>
            <phone>(612) 625-0215</phone>
            <electronicMailAddress>museum-herbarium@umn.edu</electronicMailAddress>
            <onlineUrl>https://www.bellmuseum.umn.edu/plants/</onlineUrl>
        </contact>

    </dataset>

    <additionalMetadata>
        <metadata>
            <gbif>
                <dateStamp>2025-10-11T04:46:57Z</dateStamp>
                <citation>University of Minnesota Bell Museum (2025). Bell Museum bryophytes. Occurrence dataset https://doi.org/10.15468/m2fwn8 accessed via GBIF.org on 2025-10-11.</citation>
            </gbif>
        </metadata>
    </additionalMetadata>
    </eml:eml>
