<?xml version="1.0" encoding="utf-8"?>
<eml:eml xmlns:eml="https://eml.ecoinformatics.org/eml-2.2.0" xmlns:xsi="http://www.w3.org/2001/XMLSchema-instance"
         xsi:schemaLocation="https://eml.ecoinformatics.org/eml-2.2.0 https://rs.gbif.org/schema/eml-gbif-profile/1.3/eml.xsd"
packageId="16630817-fd43-49d6-bfff-ae5ffa473724"  system="http://gbif.org" scope="system"
xml:lang="en">
    <dataset>
        <alternateIdentifier>10.15468/64w2b1</alternateIdentifier>
        <alternateIdentifier>https://bryophyteportal.org/portal/collections/misc/collprofiles.php?collid=15</alternateIdentifier>
        <alternateIdentifier>https://bryophyteportal.org:443/portal/collections/misc/collprofiles.php?collid=15</alternateIdentifier>
        <alternateIdentifier>http://bryophyteportal.org/portal/collections/misc/collprofiles.php?collid=15</alternateIdentifier>
        <title>University of Tennessee Bryophyte Herbarium</title>
        <creator>
            <organizationName>Bryophyte Portal</organizationName>
            <electronicMailAddress>BryophyteConsortium@gmail.com</electronicMailAddress>
            <onlineUrl>https://bryophyteportal.org/portal/index.php</onlineUrl>
        </creator>
        <metadataProvider>
            <organizationName>Bryophyte Portal</organizationName>
            <electronicMailAddress>BryophyteConsortium@gmail.com</electronicMailAddress>
            <onlineUrl>https://bryophyteportal.org/portal/index.php</onlineUrl>
        </metadataProvider>
        <associatedParty>
            <individualName>
                <givenName>Herbarium</givenName>
                <surName>Email</surName>
            </individualName>
            <electronicMailAddress>tennherbarium@utk.edu</electronicMailAddress>
            <role>CONTENT_PROVIDER</role>
        </associatedParty>
        <associatedParty>
            <individualName>
                <givenName>Dr. Jessica</givenName>
                <surName>Budke</surName>
            </individualName>
            <positionName>Herbarium Director &amp; Bryophytes Curator</positionName>
            <electronicMailAddress>jbudke@utk.edu</electronicMailAddress>
            <role>CONTENT_PROVIDER</role>
        </associatedParty>
        <pubDate>
                2025-10-01
        </pubDate>
        <language>ENGLISH</language>
        <abstract>
            <para>The collection houses over 183,000 filed specimens from throughout the World with a strong emphasis on North America, specifically the Southeast U.S., Pacific Northwest, and Alaska; Mexico; and Asia.</para>
        </abstract>
        <intellectualRights>
            <para>This work is licensed under a <ulink url="http://creativecommons.org/licenses/by-nc/4.0/legalcode"><citetitle>Creative Commons Attribution Non Commercial (CC-BY-NC) 4.0 License</citetitle></ulink>.</para>
        </intellectualRights>
        <licensed>
            <licenseName>Creative Commons Attribution Non Commercial 4.0 International</licenseName>
            <url>https://spdx.org/licenses/CC-BY-NC-4.0.html</url>
            <identifier>CC-BY-NC-4.0</identifier>
        </licensed>
        <distribution scope="document">
            <online>
                <url function="download">https://bryophyteportal.org/portal/content/dwca/TENN_DwC-A.zip</url>
            </online>
        </distribution>
        <contact>
            <organizationName>University of Tennessee Bryophyte Herbarium</organizationName>
            <electronicMailAddress>tennherbarium@utk.edu</electronicMailAddress>
            <onlineUrl>https://herbarium.utk.edu/bryophyte/index.php</onlineUrl>
        </contact>

    </dataset>

    <additionalMetadata>
        <metadata>
            <gbif>
                <dateStamp>2025-10-11T04:46:51Z</dateStamp>
                <citation>University of Tennessee Herbarium (2025). University of Tennessee Bryophyte Herbarium. Occurrence dataset https://doi.org/10.15468/64w2b1 accessed via GBIF.org on 2025-10-11.</citation>
            </gbif>
        </metadata>
    </additionalMetadata>
    </eml:eml>
