<?xml version="1.0" encoding="utf-8"?>
<eml:eml xmlns:eml="https://eml.ecoinformatics.org/eml-2.2.0" xmlns:xsi="http://www.w3.org/2001/XMLSchema-instance"
         xsi:schemaLocation="https://eml.ecoinformatics.org/eml-2.2.0 https://rs.gbif.org/schema/eml-gbif-profile/1.3/eml.xsd"
packageId="1e837919-112c-40ad-abb9-5ca74b044742"  system="http://gbif.org" scope="system"
xml:lang="en">
    <dataset>
        <alternateIdentifier>10.5886/hsp0hg</alternateIdentifier>
        <alternateIdentifier>1e837919-112c-40ad-abb9-5ca74b044742</alternateIdentifier>
        <alternateIdentifier>https://data.canadensys.net/ipt/resource?r=uqtr-herbarium</alternateIdentifier>
        <title>UQTR-herbarium (Herbier Estelle-Lacoursière)</title>
        <creator>
            <individualName>
                <givenName>Esther</givenName>
                <surName>Lévesque</surName>
            </individualName>
            <organizationName>Université du Québec à Trois-Rivière</organizationName>
            <positionName>Curator</positionName>
            <address>
                <deliveryPoint>3351, boulevard des Forges</deliveryPoint>
                <city>Trois-Rivières</city>
                <administrativeArea>Québec</administrativeArea>
                <postalCode>G8Z 4M3</postalCode>
                <country>CANADA</country>
            </address>
            <electronicMailAddress>esther.levesque@uqtr.ca</electronicMailAddress>
            <userId directory="https://orcid.org/">0000-0002-1119-6032</userId>
        </creator>
        <metadataProvider>
            <individualName>
                <givenName>Esther</givenName>
                <surName>Lévesque</surName>
            </individualName>
            <organizationName>Université du Québec à Trois-Rivière</organizationName>
            <positionName>Curator</positionName>
            <address>
                <deliveryPoint>3351, boulevard des Forges</deliveryPoint>
                <city>Trois-Rivières</city>
                <administrativeArea>Québec</administrativeArea>
                <postalCode>G8Z 4M3</postalCode>
                <country>CANADA</country>
            </address>
            <electronicMailAddress>esther.levesque@uqtr.ca</electronicMailAddress>
            <userId directory="https://orcid.org/">0000-0002-1119-6032</userId>
        </metadataProvider>
        <associatedParty>
            <individualName>
                <givenName>Kim</givenName>
                <surName>Damboise</surName>
            </individualName>
            <electronicMailAddress>kim.damboise@herbier.ulaval.ca</electronicMailAddress>
            <role>USER</role>
        </associatedParty>
        <pubDate>
                2025-10-08
        </pubDate>
        <language>ENGLISH</language>
        <abstract>
            <para>The UQTR-herbarium (Herbier Estelle-Lacoursière) houses over 20,000 canadian vascular plant specimens, including aquatic and semi-aquatic species primarily from the Mauricie region (including Lake St. Pierre) and Northern Quebec. Major contributors include Sr Estelle Lacoursière, Gilles Houle, and various researchers from the 1970s.

Since the late 1990s, the collection has grown with over 400 Arctic specimens from various expeditions primarily from Nunavik and Nunavut (Canada). This includes specimens from the international &amp;#34;Tundra Northwest 1999&amp;#34; expedition across the Canadian Arctic Archipelago and a project focused on the characterization of the flora of Bylot Island (Nunavut).

Currently, the herbarium is growing significantly with over 1,500 specimens from the Louis-Marie Herbarium (U. Laval) and with new collections from independent donators . These additions are enhancing the collection&amp;#39;s diversity and quality.</para>
        </abstract>
        <keywordSet>
            <keyword>Occurrence</keyword>
            <keywordThesaurus>GBIF Dataset Type Vocabulary: http://rs.gbif.org/vocabulary/gbif/dataset_type.xml</keywordThesaurus>
        </keywordSet>
        <keywordSet>
            <keyword>Specimen</keyword>
            <keywordThesaurus>GBIF Dataset Subtype Vocabulary: http://rs.gbif.org/vocabulary/gbif/dataset_subtype.xml</keywordThesaurus>
        </keywordSet>
        <keywordSet>
            <keyword>Occurrence</keyword>
            <keywordThesaurus>GBIF Dataset Type Vocabulary: http://rs.gbif.org/vocabulary/gbif/dataset_type_2015-07-10.xml</keywordThesaurus>
        </keywordSet>
        <intellectualRights>
            <para>To the extent possible under law, the publisher has waived all rights to these data and has dedicated them to the <ulink url="http://creativecommons.org/publicdomain/zero/1.0/legalcode"><citetitle>Public Domain (CC0 1.0)</citetitle></ulink>. Users may copy, modify, distribute and use the work, including for commercial purposes, without restriction.</para>
        </intellectualRights>
        <licensed>
            <licenseName>Creative Commons Zero v1.0 Universal</licenseName>
            <url>https://spdx.org/licenses/CC0-1.0.html</url>
            <identifier>CC0-1.0</identifier>
        </licensed>
        <distribution scope="document">
            <online>
                <url function="download">https://data.canadensys.net/ipt/archive.do?r=uqtr-herbarium</url>
            </online>
        </distribution>
        <maintenance>
            <description>
                <para></para>
            </description>
            <maintenanceUpdateFrequency>unkown</maintenanceUpdateFrequency>
        </maintenance>
        <contact>
            <individualName>
                <givenName>Esther</givenName>
                <surName>Lévesque</surName>
            </individualName>
            <organizationName>Université du Québec à Trois-Rivière</organizationName>
            <positionName>Curator</positionName>
            <address>
                <deliveryPoint>3351, boulevard des Forges</deliveryPoint>
                <city>Trois-Rivières</city>
                <administrativeArea>Québec</administrativeArea>
                <postalCode>G8Z 4M3</postalCode>
                <country>CANADA</country>
            </address>
            <electronicMailAddress>esther.levesque@uqtr.ca</electronicMailAddress>
            <userId directory="https://orcid.org/">0000-0002-1119-6032</userId>
        </contact>

    </dataset>

    <additionalMetadata>
        <metadata>
            <gbif>
                <dateStamp>2025-10-11T04:46:56Z</dateStamp>
                <citation identifier="https://doi.org/10.5886/hsp0hg">Lévesque E (2025). UQTR-herbarium (Herbier Estelle-Lacoursière). Version 2.1. UQTR-herbarium (Herbier Estelle-Lacoursière). Occurrence dataset https://doi.org/10.5886/hsp0hg accessed via GBIF.org on 2025-10-11.</citation>
            </gbif>
        </metadata>
    </additionalMetadata>
    </eml:eml>
