<?xml version="1.0" encoding="utf-8"?>
<eml:eml xmlns:eml="https://eml.ecoinformatics.org/eml-2.2.0" xmlns:xsi="http://www.w3.org/2001/XMLSchema-instance"
         xsi:schemaLocation="https://eml.ecoinformatics.org/eml-2.2.0 https://rs.gbif.org/schema/eml-gbif-profile/1.3/eml.xsd"
packageId="361d98ca-ba9d-4b85-a64f-7db8fb35c6a9"  system="http://gbif.org" scope="system"
xml:lang="en">
    <dataset>
        <alternateIdentifier>10.15468/j7sfxq</alternateIdentifier>
        <alternateIdentifier>https://ipt.idigbio.org/resource?r=cmc-paleo</alternateIdentifier>
        <alternateIdentifier>361d98ca-ba9d-4b85-a64f-7db8fb35c6a9</alternateIdentifier>
        <alternateIdentifier>http://ipt.idigbio.org/resource?r=cmc-paleo</alternateIdentifier>
        <title>CMC Cincinnati Museum Center Invertebrate Paleontology</title>
        <creator>
            <individualName>
                <givenName>Brenda</givenName>
                <surName>Hunda</surName>
            </individualName>
            <positionName>Curator of Invertebrate Paleontology</positionName>
            <address>
                <deliveryPoint>1301 Western Avenue</deliveryPoint>
                <city>Cincinnati</city>
                <administrativeArea>Ohio</administrativeArea>
                <postalCode>45203</postalCode>
                <country>UNITED_STATES</country>
            </address>
            <phone>+01 (513) 455-7160</phone>
            <electronicMailAddress>BHunda@cincymuseum.org</electronicMailAddress>
        </creator>
        <metadataProvider>
            <individualName>
                <givenName>Brenda</givenName>
                <surName>Hunda</surName>
            </individualName>
            <positionName>Curator of Invertebrate Paleontology</positionName>
            <address>
                <deliveryPoint>1301 Western Avenue</deliveryPoint>
                <city>Cincinnati</city>
                <administrativeArea>Ohio</administrativeArea>
                <postalCode>45203</postalCode>
                <country>UNITED_STATES</country>
            </address>
            <phone>+01 (513) 455-7160</phone>
            <electronicMailAddress>BHunda@cincymuseum.org</electronicMailAddress>
        </metadataProvider>
        <metadataProvider>
            <individualName>
                <givenName>Anne</givenName>
                <surName>Kling</surName>
            </individualName>
            <positionName>Manager, Collection Databases and Websites</positionName>
            <address>
                <deliveryPoint>1301 Western Avenue</deliveryPoint>
                <city>Cincinnati</city>
                <administrativeArea>Ohio</administrativeArea>
                <postalCode>45203</postalCode>
                <country>UNITED_STATES</country>
            </address>
            <phone>+01 (513) 287-7070</phone>
            <electronicMailAddress>AKling@cincymuseum.org</electronicMailAddress>
        </metadataProvider>
        <metadataProvider>
            <individualName>
                <givenName>Glenn</givenName>
                <surName>Storrs</surName>
            </individualName>
            <positionName>Assistant Vice President of Collections and Research &amp; the Withrow Farny Curator of Vertebrate Paleontology</positionName>
            <address>
                <deliveryPoint>1301 Western Avenue</deliveryPoint>
                <city>Cincinnati</city>
                <administrativeArea>Ohio</administrativeArea>
                <postalCode>45203</postalCode>
                <country>UNITED_STATES</country>
            </address>
            <phone>+01 (513) 455-7164</phone>
            <electronicMailAddress>storrsgw@cincymuseum.org</electronicMailAddress>
        </metadataProvider>
        <associatedParty>
            <individualName>
                <givenName>Joanna</givenName>
                <surName>McCaffrey</surName>
            </individualName>
            <organizationName>iDigBio</organizationName>
            <positionName>Biodiversity Informatics Manager</positionName>
            <address>
                <country>UNITED_STATES</country>
            </address>
            <electronicMailAddress>jmccaffrey@flmnh.ufl.edu</electronicMailAddress>
            <role>PROGRAMMER</role>
        </associatedParty>
        <pubDate>
                2022-09-09
        </pubDate>
        <language>ENGLISH</language>
        <abstract>
            The Invertebrate Paleontology Collection of the Cincinnati Museum Center is maintained to supplement and complement the major invertebrate fossil collections in North American museums and universities, and to advance both the mission of Cincinnati Museum Center and the science of invertebrate paleontology. The Invertebrate Paleontology Department uses the collection for research and, in close cooperation with other Museum staff, to develop educational programs and exhibits. The collection allows the Museum to play an active role in the invertebrate paleontological community by encouraging and facilitating research and exhibitions, and enhances the Department’s ability to provide professional services to, and scholarly interaction with, colleagues and students. The collection is particularly strong in Lower to Middle Paleozoic fossils of central North America. With a special emphasis on the Cincinnati Arch region of Ohio, Kentucky, and Indiana, the Cincinnati Museum Center houses one of the best collections of Upper Ordovician fossils of the type Cincinnatian Series on national and international levels. To serve broader needs, the Invertebrate Department maintains collections representing historically and scientifically significant locations8 throughout the Phanerozoic Eon in North America, as well as notable locations around the world. The acquisition of the University of Minnesota and Minnesota State Geological Survey invertebrate collection further strengthens the collection geographically into the Upper Midwest, and stratigraphically into the Cambrian, with significant Ordovician components that complement our own local paleontology. The Invertebrate Department also houses a growing paleobotanical collection containing over 2,000 specimens, dominated by Paleozoic plants of the North American midcontinent. The dataset contains taxonomic, geographic, and stratigraphic data for over 90,000 specimen lots of major invertebrate phyla, including over 3,000 type specimens.
        </abstract>
        <keywordSet>
            <keyword>Echinodermata</keyword>
            <keyword>Bryozoa</keyword>
            <keyword>Nautiloidea</keyword>
            <keyword>Brachiopoda</keyword>
            <keyword>Gastropoda</keyword>
            <keyword>Crinoidea</keyword>
            <keyword>Cephalopoda</keyword>
            <keyword>Ichnotaxon</keyword>
            <keyword>Porifera</keyword>
            <keyword>Bivalvia</keyword>
            <keyword>Arthropoda</keyword>
            <keyword>Cnidaria</keyword>
            <keyword>Ammonoidea</keyword>
            <keyword>Echinoidea</keyword>
            <keyword>Edrioasteroidea</keyword>
            <keyword>Protista</keyword>
            <keyword>Mollusca</keyword>
            <keyword>Trilobita</keyword>
            <keyword>Occurrence</keyword>
            <keyword>Fossil invertebrates</keyword>
            <keywordThesaurus>GBIF Dataset Type Vocabulary: http://rs.gbif.org/vocabulary/gbif/dataset_type.xml</keywordThesaurus>
        </keywordSet>
        <keywordSet>
            <keyword>Specimen</keyword>
            <keywordThesaurus>GBIF Dataset Subtype Vocabulary: http://rs.gbif.org/vocabulary/gbif/dataset_subtype.xml</keywordThesaurus>
        </keywordSet>
        <keywordSet>
            <keyword>Occurrence</keyword>
            <keywordThesaurus>GBIF Dataset Type Vocabulary: http://rs.gbif.org/vocabulary/gbif/dataset_type_2015-07-10.xml</keywordThesaurus>
        </keywordSet>
        <intellectualRights>
            <para>This work is licensed under a <ulink url="http://creativecommons.org/licenses/by-nc/4.0/legalcode"><citetitle>Creative Commons Attribution Non Commercial (CC-BY-NC) 4.0 License</citetitle></ulink>.</para>
        </intellectualRights>
        <licensed>
            <licenseName>Creative Commons Attribution Non Commercial 4.0 International</licenseName>
            <url>https://spdx.org/licenses/CC-BY-NC-4.0.html</url>
            <identifier>CC-BY-NC-4.0</identifier>
        </licensed>
        <distribution scope="document">
            <online>
                <url function="download">https://ipt.idigbio.org/archive.do?r=cmc-paleo</url>
            </online>
        </distribution>
        <maintenance>
            <description>
                <para></para>
            </description>
            <maintenanceUpdateFrequency>unkown</maintenanceUpdateFrequency>
        </maintenance>
        <contact>
            <individualName>
                <givenName>Brenda</givenName>
                <surName>Hunda</surName>
            </individualName>
            <positionName>Curator of Invertebrate Paleontology</positionName>
            <address>
                <deliveryPoint>1301 Western Avenue</deliveryPoint>
                <city>Cincinnati</city>
                <administrativeArea>Ohio</administrativeArea>
                <postalCode>45203</postalCode>
                <country>UNITED_STATES</country>
            </address>
            <phone>+01 (513) 455-7160</phone>
            <electronicMailAddress>BHunda@cincymuseum.org</electronicMailAddress>
        </contact>
        <contact>
            <individualName>
                <givenName>Anne</givenName>
                <surName>Kling</surName>
            </individualName>
            <positionName>Manager, Collection Databases and Websites</positionName>
            <address>
                <deliveryPoint>1301 Western Avenue</deliveryPoint>
                <city>Cincinnati</city>
                <administrativeArea>Ohio</administrativeArea>
                <postalCode>45203</postalCode>
                <country>UNITED_STATES</country>
            </address>
            <phone>+01 (513) 287-7070</phone>
            <electronicMailAddress>AKling@cincymuseum.org</electronicMailAddress>
        </contact>
        <contact>
            <individualName>
                <givenName>Cameron</givenName>
                <surName>Schwalbach</surName>
            </individualName>
            <positionName>Paleontology Collections Manager</positionName>
            <address>
                <deliveryPoint>1301 Western Avenue</deliveryPoint>
                <city>Cincinnati</city>
                <administrativeArea>Ohio</administrativeArea>
                <postalCode>45203</postalCode>
                <country>UNITED_STATES</country>
            </address>
            <electronicMailAddress>CSchwalbach@cincymuseum.org</electronicMailAddress>
        </contact>

    </dataset>

    <additionalMetadata>
        <metadata>
            <gbif>
                <dateStamp>2025-10-11T04:46:55Z</dateStamp>
                <citation>Hunda B, Kling A, Storrs G (2022). CMC Cincinnati Museum Center Invertebrate Paleontology. Version 1.8. Cincinnati Museum Center. Occurrence dataset https://doi.org/10.15468/j7sfxq accessed via GBIF.org on 2025-10-11.</citation>
                <resourceLogoUrl>http://ipt.idigbio.org/logo.do?r=cmc-paleo</resourceLogoUrl>
            </gbif>
        </metadata>
    </additionalMetadata>
    </eml:eml>
