<?xml version="1.0" encoding="utf-8"?>
<eml:eml xmlns:eml="https://eml.ecoinformatics.org/eml-2.2.0" xmlns:xsi="http://www.w3.org/2001/XMLSchema-instance"
         xsi:schemaLocation="https://eml.ecoinformatics.org/eml-2.2.0 https://rs.gbif.org/schema/eml-gbif-profile/1.3/eml.xsd"
packageId="38df3ef2-72ea-4341-aad1-c67ac7c9f8b3"  system="http://gbif.org" scope="system"
xml:lang="en">
    <dataset>
        <alternateIdentifier>10.15468/crnsua</alternateIdentifier>
        <alternateIdentifier>https://bryophyteportal.org/portal/collections/misc/collprofiles.php?collid=9</alternateIdentifier>
        <title>University of Vermont, Pringle Herbarium, North American bryophytes</title>
        <creator>
            <organizationName>Bryophyte Portal</organizationName>
            <electronicMailAddress>BryophyteConsortium@gmail.com</electronicMailAddress>
            <onlineUrl>https://bryophyteportal.org/portal/index.php</onlineUrl>
        </creator>
        <metadataProvider>
            <organizationName>Bryophyte Portal</organizationName>
            <electronicMailAddress>BryophyteConsortium@gmail.com</electronicMailAddress>
            <onlineUrl>https://bryophyteportal.org/portal/index.php</onlineUrl>
        </metadataProvider>
        <associatedParty>
            <individualName>
                <surName>David S. Barrington</surName>
            </individualName>
            <electronicMailAddress>dbarring@uvm.edu</electronicMailAddress>
            <role>CONTENT_PROVIDER</role>
        </associatedParty>
        <associatedParty>
            <individualName>
                <givenName>Weston L.</givenName>
                <surName>Testo</surName>
            </individualName>
            <positionName>Curator</positionName>
            <electronicMailAddress>wtesto@uvm.edu</electronicMailAddress>
            <role>CONTENT_PROVIDER</role>
        </associatedParty>
        <pubDate>
                2025-10-01
        </pubDate>
        <language>ENGLISH</language>
        <abstract>
            <para>The Pringle Herbarium (VT) contains 300,000 specimens, including vascular plants, bryophytes, lichens, algae and fungi. This portal contains our North American bryophyte specimens, numbering about 18,000. Other digitization projects cover type specimens, vascular plant specimens, North American lichens, macroalgae and macrofungi. These images and data are available through various portals. The herbarium does not maintain its own online database.</para>
        </abstract>
        <intellectualRights>
            <para>This work is licensed under a <ulink url="http://creativecommons.org/licenses/by/4.0/legalcode"><citetitle>Creative Commons Attribution (CC-BY) 4.0 License</citetitle></ulink>.</para>
        </intellectualRights>
        <licensed>
            <licenseName>Creative Commons Attribution 4.0 International</licenseName>
            <url>https://spdx.org/licenses/CC-BY-4.0.html</url>
            <identifier>CC-BY-4.0</identifier>
        </licensed>
        <distribution scope="document">
            <online>
                <url function="download">https://bryophyteportal.org/portal/content/dwca/VT_DwC-A.zip</url>
            </online>
        </distribution>
        <contact>
            <organizationName>University of Vermont, Pringle Herbarium, North American bryophytes</organizationName>
            <phone>802 656 3221</phone>
            <electronicMailAddress>dbarring@uvm.edu</electronicMailAddress>
            <onlineUrl>http://www.uvm.edu/~plantbio/pringle/</onlineUrl>
        </contact>

    </dataset>

    <additionalMetadata>
        <metadata>
            <gbif>
                <dateStamp>2025-10-11T04:46:58Z</dateStamp>
                <citation>The University of Vermont Pringle Herbarium (2025). University of Vermont, Pringle Herbarium, North American bryophytes. Occurrence dataset https://doi.org/10.15468/crnsua accessed via GBIF.org on 2025-10-11.</citation>
            </gbif>
        </metadata>
    </additionalMetadata>
    </eml:eml>
