<?xml version="1.0" encoding="utf-8"?>
<eml:eml xmlns:eml="https://eml.ecoinformatics.org/eml-2.2.0" xmlns:xsi="http://www.w3.org/2001/XMLSchema-instance"
         xsi:schemaLocation="https://eml.ecoinformatics.org/eml-2.2.0 https://rs.gbif.org/schema/eml-gbif-profile/1.3/eml.xsd"
packageId="39c43f87-ad33-48f6-867c-29768e1f06d1"  system="http://gbif.org" scope="system"
xml:lang="en">
    <dataset>
        <alternateIdentifier>10.15468/rcp3pv</alternateIdentifier>
        <alternateIdentifier>https://midwestherbaria.org/portal/collections/misc/collprofiles.php?collid=278</alternateIdentifier>
        <title>Indiana University Herbarium, Deam Herbarium</title>
        <creator>
            <organizationName>Midwest Herbaria Portal</organizationName>
            <electronicMailAddress>help@symbiota.org</electronicMailAddress>
            <onlineUrl>https://midwestherbaria.org/portal/index.php</onlineUrl>
        </creator>
        <metadataProvider>
            <organizationName>Midwest Herbaria Portal</organizationName>
            <electronicMailAddress>help@symbiota.org</electronicMailAddress>
            <onlineUrl>https://midwestherbaria.org/portal/index.php</onlineUrl>
        </metadataProvider>
        <associatedParty>
            <individualName>
                <givenName>Richard</givenName>
                <surName>Hull</surName>
            </individualName>
            <positionName>Interim Director</positionName>
            <electronicMailAddress>herbaria@iu.edu</electronicMailAddress>
            <role>CONTENT_PROVIDER</role>
        </associatedParty>
        <pubDate>
                2025-10-01
        </pubDate>
        <language>ENGLISH</language>
        <abstract>
            <para>The Department of Biology administers the Indiana University Herbarium (IND). Founded in 1885, the herbarium houses over 155,000 specimens of vascular plants, including the collections of Charles C. Deam on which the Flora of Indiana is based.</para>
        </abstract>
        <intellectualRights>
            <para>This work is licensed under a <ulink url="http://creativecommons.org/licenses/by-nc/4.0/legalcode"><citetitle>Creative Commons Attribution Non Commercial (CC-BY-NC) 4.0 License</citetitle></ulink>.</para>
        </intellectualRights>
        <licensed>
            <licenseName>Creative Commons Attribution Non Commercial 4.0 International</licenseName>
            <url>https://spdx.org/licenses/CC-BY-NC-4.0.html</url>
            <identifier>CC-BY-NC-4.0</identifier>
        </licensed>
        <distribution scope="document">
            <online>
                <url function="download">https://midwestherbaria.org/portal/content/dwca/IND_DwC-A.zip</url>
            </online>
        </distribution>
        <contact>
            <organizationName>Indiana University Herbarium, Deam Herbarium</organizationName>
            <phone>812-855-5007</phone>
            <electronicMailAddress>herbaria@iu.edu</electronicMailAddress>
            <onlineUrl>https://biology.indiana.edu/research/facilities-resources/herbarium.html</onlineUrl>
        </contact>

    </dataset>

    <additionalMetadata>
        <metadata>
            <gbif>
                <dateStamp>2025-10-11T04:46:52Z</dateStamp>
                <citation>Indiana University Herbarium (2025). Indiana University Herbarium, Deam Herbarium. Occurrence dataset https://doi.org/10.15468/rcp3pv accessed via GBIF.org on 2025-10-11.</citation>
            </gbif>
        </metadata>
    </additionalMetadata>
    </eml:eml>
