<?xml version="1.0" encoding="utf-8"?>
<eml:eml xmlns:eml="https://eml.ecoinformatics.org/eml-2.2.0" xmlns:xsi="http://www.w3.org/2001/XMLSchema-instance"
         xsi:schemaLocation="https://eml.ecoinformatics.org/eml-2.2.0 https://rs.gbif.org/schema/eml-gbif-profile/1.3/eml.xsd"
packageId="42fc31bd-81d7-48eb-949b-d0b1e73b34b4"  system="http://gbif.org" scope="system"
xml:lang="en">
    <dataset>
        <alternateIdentifier>10.15468/vnjheg</alternateIdentifier>
        <alternateIdentifier>https://bryophyteportal.org/portal/collections/misc/collprofiles.php?collid=60</alternateIdentifier>
        <title>Miami University Turrell Herbarium - Bryophytes</title>
        <creator>
            <organizationName>Bryophyte Portal</organizationName>
            <electronicMailAddress>BryophyteConsortium@gmail.com</electronicMailAddress>
            <onlineUrl>https://bryophyteportal.org/portal/index.php</onlineUrl>
        </creator>
        <metadataProvider>
            <organizationName>Bryophyte Portal</organizationName>
            <electronicMailAddress>BryophyteConsortium@gmail.com</electronicMailAddress>
            <onlineUrl>https://bryophyteportal.org/portal/index.php</onlineUrl>
        </metadataProvider>
        <associatedParty>
            <individualName>
                <givenName>Gretchen</givenName>
                <surName>Meier</surName>
            </individualName>
            <positionName>Curator</positionName>
            <electronicMailAddress>meierga@miamioh.edu</electronicMailAddress>
            <role>CONTENT_PROVIDER</role>
        </associatedParty>
        <pubDate>
                2025-10-01
        </pubDate>
        <language>ENGLISH</language>
        <abstract>
            <para>Miami University is the home of Ohio&amp;#39;s largest herbarium, the Willard Sherman Turrell Herbarium. The herbarium&amp;#39;s holdings of approximately 620,000 specimens are worldwide in both geographical and taxonomic coverage. The collection consists of 330,000 vascular plant specimens, as well as 140,000 bryophytes, 100,000 fungi, 35,000 lichens, 10,000 algae, and 5,000 fossil plants. There are several thousand type specimens contained in the collection, as well as many sets of cryptogamic exsiccatae. Active exchange programs are ongoing with many herbaria worldwide to ensure the continued breadth and depth of the collection. The W.S. Turrell Herbarium Fund is an endowment which benefits the herbarium, and is restricted to support of the research activities of the staff and students in systematic botany.</para>
        </abstract>
        <intellectualRights>
            <para>This work is licensed under a <ulink url="http://creativecommons.org/licenses/by-nc/4.0/legalcode"><citetitle>Creative Commons Attribution Non Commercial (CC-BY-NC) 4.0 License</citetitle></ulink>.</para>
        </intellectualRights>
        <licensed>
            <licenseName>Creative Commons Attribution Non Commercial 4.0 International</licenseName>
            <url>https://spdx.org/licenses/CC-BY-NC-4.0.html</url>
            <identifier>CC-BY-NC-4.0</identifier>
        </licensed>
        <distribution scope="document">
            <online>
                <url function="download">https://bryophyteportal.org/portal/content/dwca/MU_DwC-A.zip</url>
            </online>
        </distribution>
        <contact>
            <organizationName>Miami University Turrell Herbarium - Bryophytes</organizationName>
            <electronicMailAddress>meierga@miamioh.edu</electronicMailAddress>
            <onlineUrl>http://herbarium.muohio.edu/herbariummu</onlineUrl>
        </contact>

    </dataset>

    <additionalMetadata>
        <metadata>
            <gbif>
                <dateStamp>2025-10-11T04:46:55Z</dateStamp>
                <citation>W.S. Turrell Herbarium (MU) (2025). Miami University Turrell Herbarium - Bryophytes. Occurrence dataset https://doi.org/10.15468/vnjheg accessed via GBIF.org on 2025-10-11.</citation>
            </gbif>
        </metadata>
    </additionalMetadata>
    </eml:eml>
