<?xml version="1.0" encoding="utf-8"?>
<eml:eml xmlns:eml="https://eml.ecoinformatics.org/eml-2.2.0" xmlns:xsi="http://www.w3.org/2001/XMLSchema-instance"
         xsi:schemaLocation="https://eml.ecoinformatics.org/eml-2.2.0 https://rs.gbif.org/schema/eml-gbif-profile/1.3/eml.xsd"
packageId="54f946aa-2ca9-4a51-9ee5-011219e0381e"  system="http://gbif.org" scope="system"
xml:lang="en">
    <dataset>
        <alternateIdentifier>10.15468/soarvd</alternateIdentifier>
        <title>Masaryk University - Herbarium BRNU</title>
        <associatedParty>
            <individualName>
                <surName>Jiří Danihelka</surName>
            </individualName>
            <address>
                <deliveryPoint>Kotlářská 2, 611 37 Brno, Czech Republic / Europe</deliveryPoint>
            </address>
            <phone>+420 532 146 113</phone>
            <electronicMailAddress>danihel@sci.muni.cz</electronicMailAddress>
            <role>TECHNICAL_POINT_OF_CONTACT</role>
        </associatedParty>
        <language>en</language>
        <intellectualRights>
            <para>This work is licensed under a <ulink url="http://creativecommons.org/licenses/by/4.0/legalcode"><citetitle>Creative Commons Attribution (CC-BY) 4.0 License</citetitle></ulink>.</para>
        </intellectualRights>
        <licensed>
            <licenseName>Creative Commons Attribution 4.0 International</licenseName>
            <url>https://spdx.org/licenses/CC-BY-4.0.html</url>
            <identifier>CC-BY-4.0</identifier>
        </licensed>
        <distribution scope="document">
            <online>
                <url function="information">http://botzool.sci.muni.cz/herbarium</url>
            </online>
        </distribution>
        <contact>
            <individualName>
                <surName>Jiří Danihelka</surName>
            </individualName>
            <address>
                <deliveryPoint>Kotlářská 2, 611 37 Brno, Czech Republic / Europe</deliveryPoint>
            </address>
            <phone>+420 532 146 113</phone>
            <electronicMailAddress>danihel@sci.muni.cz</electronicMailAddress>
        </contact>

    </dataset>

    <additionalMetadata>
        <metadata>
            <gbif>
                <dateStamp>2025-10-11T04:46:53Z</dateStamp>
                <citation>Masaryk University, Department of Botany and Zoology. Masaryk University - Herbarium BRNU. Occurrence dataset https://doi.org/10.15468/soarvd accessed via GBIF.org on 2025-10-11.</citation>
                <resourceLogoUrl>http://www.sci.muni.cz/botany/systemgr/download/loga/muni_blue.jpg</resourceLogoUrl>
            </gbif>
        </metadata>
    </additionalMetadata>
    </eml:eml>
