<?xml version="1.0" encoding="utf-8"?>
<eml:eml xmlns:eml="https://eml.ecoinformatics.org/eml-2.2.0" xmlns:xsi="http://www.w3.org/2001/XMLSchema-instance"
         xsi:schemaLocation="https://eml.ecoinformatics.org/eml-2.2.0 https://rs.gbif.org/schema/eml-gbif-profile/1.3/eml.xsd"
packageId="552f282a-92a6-4f41-95ef-c6537026fbeb"  system="http://gbif.org" scope="system"
xml:lang="en">
    <dataset>
        <alternateIdentifier>10.15468/3vhkol</alternateIdentifier>
        <alternateIdentifier>https://ecdysis.org/collections/misc/collprofiles.php?collid=149</alternateIdentifier>
        <alternateIdentifier>https://biokic2.rc.asu.edu:443/portal/collections/misc/collprofiles.php?collid=173</alternateIdentifier>
        <alternateIdentifier>https://scan-bugs.org:443/portal/collections/misc/collprofiles.php?collid=173</alternateIdentifier>
        <alternateIdentifier>http://scan-bugs.org/portal/collections/misc/collprofiles.php?collid=173</alternateIdentifier>
        <title>Denver Museum of Nature &amp; Science - Entomology</title>
        <creator>
            <organizationName>Ecdysis</organizationName>
            <onlineUrl>https://ecdysis.org/index.php</onlineUrl>
        </creator>
        <metadataProvider>
            <organizationName>Ecdysis</organizationName>
            <onlineUrl>https://ecdysis.org/index.php</onlineUrl>
        </metadataProvider>
        <associatedParty>
            <individualName>
                <givenName>Garth</givenName>
                <surName>Spellman</surName>
            </individualName>
            <positionName>Director of Zoology &amp; Health Sciences</positionName>
            <electronicMailAddress>Garth.Spellman@dmns.org</electronicMailAddress>
            <role>CONTENT_PROVIDER</role>
        </associatedParty>
        <pubDate>
                2025-10-01
        </pubDate>
        <language>ENGLISH</language>
        <abstract>
            <para>Worldwide in scope though with a focus on the American West, the Entomology collection at the Denver Museum of Nature &amp;amp; Science comprises over 1,000,000 specimens and specimen lots. It contains over 950,000 specimens, with Coleoptera (750,000&amp;#43; specimens) and Lepidoptera (130,000&amp;#43; specimens) as primary foci. The holdings include at least 18 primary types and 150 paratypes, and dates of collection span from 1878 to the present. The dung beetle collection is the largest in the United States, and our scarab holdings are particularly strong in African as well as regional material. The Colorado Scarab Survey and the Colorado Microlepidoptera Survey, both long-term projects initiated and conducted by DMNS, are steadily growing our regional holdings and our knowledge of the Colorado fauna. The collection is housed in the Avenir Collections Center - an onsite state-of-the-art museum collections facility.</para>
        </abstract>
        <intellectualRights>
            <para>This work is licensed under a <ulink url="http://creativecommons.org/licenses/by-nc/4.0/legalcode"><citetitle>Creative Commons Attribution Non Commercial (CC-BY-NC) 4.0 License</citetitle></ulink>.</para>
        </intellectualRights>
        <licensed>
            <licenseName>Creative Commons Attribution Non Commercial 4.0 International</licenseName>
            <url>https://spdx.org/licenses/CC-BY-NC-4.0.html</url>
            <identifier>CC-BY-NC-4.0</identifier>
        </licensed>
        <distribution scope="document">
            <online>
                <url function="download">https://ecdysis.org/content/dwca/DMNS-Ento_DwC-A.zip</url>
            </online>
        </distribution>
        <contact>
            <organizationName>Denver Museum of Nature &amp; Science - Entomology</organizationName>
            <phone>303-370-6000</phone>
            <electronicMailAddress>Garth.Spellman@dmns.org</electronicMailAddress>
            <onlineUrl>https://www.dmns.org/science/collections/zoology-collections/</onlineUrl>
        </contact>

    </dataset>

    <additionalMetadata>
        <metadata>
            <gbif>
                <dateStamp>2025-10-11T04:46:54Z</dateStamp>
                <citation>Denver Museum of Nature &amp; Science (2025). Denver Museum of Nature &amp; Science - Entomology. Occurrence dataset https://doi.org/10.15468/3vhkol accessed via GBIF.org on 2025-10-11.</citation>
            </gbif>
        </metadata>
    </additionalMetadata>
    </eml:eml>
