<?xml version="1.0" encoding="utf-8"?>
<eml:eml xmlns:eml="https://eml.ecoinformatics.org/eml-2.2.0" xmlns:xsi="http://www.w3.org/2001/XMLSchema-instance"
         xsi:schemaLocation="https://eml.ecoinformatics.org/eml-2.2.0 https://rs.gbif.org/schema/eml-gbif-profile/1.3/eml.xsd"
packageId="6cfce8da-c177-4790-b038-1202dd33e9d7"  system="http://gbif.org" scope="system"
xml:lang="en">
    <dataset>
        <alternateIdentifier>10.15468/xkca3p</alternateIdentifier>
        <alternateIdentifier>https://bryophyteportal.org/portal/collections/misc/collprofiles.php?collid=59</alternateIdentifier>
        <title>University of Cincinnati, Margaret H. Fulford Herbarium - Bryophytes</title>
        <creator>
            <organizationName>Bryophyte Portal</organizationName>
            <electronicMailAddress>BryophyteConsortium@gmail.com</electronicMailAddress>
            <onlineUrl>https://bryophyteportal.org/portal/index.php</onlineUrl>
        </creator>
        <metadataProvider>
            <organizationName>Bryophyte Portal</organizationName>
            <electronicMailAddress>BryophyteConsortium@gmail.com</electronicMailAddress>
            <onlineUrl>https://bryophyteportal.org/portal/index.php</onlineUrl>
        </metadataProvider>
        <associatedParty>
            <individualName>
                <surName>Eric Tepe, Assistant Professor</surName>
            </individualName>
            <electronicMailAddress>eric.tepe@uc.edu</electronicMailAddress>
            <role>CONTENT_PROVIDER</role>
        </associatedParty>
        <pubDate>
                2025-10-01
        </pubDate>
        <language>ENGLISH</language>
        <abstract>
            <para>The herbarium at the University of Cincinnati was founded by Margaret Fulford in 1920s and has grown over the years through the work of prolific collectors and through acquisition of several large and important collections. Today, the herbarium houses around 125,000 specimens of vascular plants, bryophytes, lichens, fungi, and algae, making it the third largest herbarium in Ohio. In addition to the large collection of regional and North American material, it also contains extensive collections from Europe, South America, the Caribbean Basin, Samoa, and China. Particular strengths of the herbarium are North American Sphagnum, South American and Caribbean Hepatics, North American Cladonia, and Trilliaceae.</para>
        </abstract>
        <intellectualRights>
            <para>This work is licensed under a <ulink url="http://creativecommons.org/licenses/by/4.0/legalcode"><citetitle>Creative Commons Attribution (CC-BY) 4.0 License</citetitle></ulink>.</para>
        </intellectualRights>
        <licensed>
            <licenseName>Creative Commons Attribution 4.0 International</licenseName>
            <url>https://spdx.org/licenses/CC-BY-4.0.html</url>
            <identifier>CC-BY-4.0</identifier>
        </licensed>
        <distribution scope="document">
            <online>
                <url function="download">https://bryophyteportal.org/portal/content/dwca/CINC_DwC-A.zip</url>
            </online>
        </distribution>
        <contact>
            <organizationName>University of Cincinnati, Margaret H. Fulford Herbarium - Bryophytes</organizationName>
            <phone>513-556-9700</phone>
            <electronicMailAddress>eric.tepe@uc.edu</electronicMailAddress>
            <onlineUrl>https://herbariumcinc.com</onlineUrl>
        </contact>

    </dataset>

    <additionalMetadata>
        <metadata>
            <gbif>
                <dateStamp>2025-10-11T04:46:59Z</dateStamp>
                <citation>Margaret H. Fulford Herbarium, University of Cincinnati (CINC) (2025). University of Cincinnati, Margaret H. Fulford Herbarium - Bryophytes. Occurrence dataset https://doi.org/10.15468/xkca3p accessed via GBIF.org on 2025-10-11.</citation>
            </gbif>
        </metadata>
    </additionalMetadata>
    </eml:eml>
