<?xml version="1.0" encoding="utf-8"?>
<eml:eml xmlns:eml="https://eml.ecoinformatics.org/eml-2.2.0" xmlns:xsi="http://www.w3.org/2001/XMLSchema-instance"
         xsi:schemaLocation="https://eml.ecoinformatics.org/eml-2.2.0 https://rs.gbif.org/schema/eml-gbif-profile/1.3/eml.xsd"
packageId="71454d8a-6e9c-49f5-bf37-353f9ad2e2b9"  system="http://gbif.org" scope="system"
xml:lang="en">
    <dataset>
        <alternateIdentifier>10.15468/jsab2y</alternateIdentifier>
        <alternateIdentifier>https://ipt.pensoft.net/resource?r=europeanfrogbit</alternateIdentifier>
        <title>Aggregated occurrence records of invasive European frog-bit (Hydrocharis morsus-ranae L.) across North America</title>
        <creator>
            <individualName>
                <givenName>Sara</givenName>
                <surName>Hansen</surName>
            </individualName>
            <organizationName>Central Michigan University</organizationName>
            <positionName>Graduate Research Assistant</positionName>
        </creator>
        <creator>
            <individualName>
                <givenName>Blake</givenName>
                <surName>Cahill</surName>
            </individualName>
            <organizationName>Central Michigan University</organizationName>
            <positionName>Graduate Research Assistant</positionName>
        </creator>
        <creator>
            <individualName>
                <givenName>Rachel</givenName>
                <surName>Hackett</surName>
            </individualName>
            <organizationName>Michigan Natural Features Inventory, Michigan State University</organizationName>
            <positionName>Conservation Associate - Botanist</positionName>
        </creator>
        <creator>
            <individualName>
                <givenName>Michael</givenName>
                <surName>Monfils</surName>
            </individualName>
            <organizationName>Michigan Natural Features Inventory, Michigan State University</organizationName>
            <positionName>Science Coordinator - Wildlife Ecologist</positionName>
        </creator>
        <creator>
            <individualName>
                <givenName>Ryan</givenName>
                <surName>Goebel</surName>
            </individualName>
            <organizationName>Central Michigan University</organizationName>
            <positionName>Graduate Research Assistant</positionName>
        </creator>
        <creator>
            <individualName>
                <givenName>Shannon</givenName>
                <surName>Asencio</surName>
            </individualName>
            <organizationName>Agriculture and Agri-Food Canada</organizationName>
            <positionName>Collections Manager - Herbaria (DAO, DAOM)</positionName>
        </creator>
        <creator>
            <individualName>
                <givenName>Anna</givenName>
                <surName>Monfils</surName>
            </individualName>
            <organizationName>Central Michigan University</organizationName>
            <positionName>Professor and Director of CMU Herbarium (CMC)</positionName>
        </creator>
        <metadataProvider>
            <individualName>
                <givenName>Sara</givenName>
                <surName>Hansen</surName>
            </individualName>
            <organizationName>Central Michigan University</organizationName>
            <positionName>Graduate Research Assistant</positionName>
            <electronicMailAddress>hanse2s@cmich.edu</electronicMailAddress>
        </metadataProvider>
        <pubDate>
                2022-01-27
        </pubDate>
        <language>ENGLISH</language>
        <abstract>
            European frog-bit (Hydrocharis morsus-ranae L.) is an invasive aquatic plant of growing concern in the Laurentian Great Lakes region. This species has the potential to continue to spread throughout North America and may threaten coastal and inland ecosystems and native species. Central to management of European frog-bit is an understanding of the historic and current distribution, which can inform efforts to predict future spread and establishment, determine habitat suitability and the factors that drive invasion, and identify high-priority areas for targeted monitoring and management. We created an aggregated dataset of European frog-bit occurrence records from 1932 to 2021 across the invasive range of North America. A total of 23,985 records were initially obtained from eight observation-based data providers and forty specimen-based data providers. Two datasets were mobilized for this project, including 2,874 records from a targeted university research effort and 150 unpublished specimens from Agriculture and Agri-Food Canada National Collection of Vascular Plants. After data cleaning, standardization, and validation, this dataset contains 12,037 unique presence and absence records spanning thirteen U.S. states and two Canadian provinces.
        </abstract>
        <keywordSet>
            <keyword>invasive plants</keyword>
            <keyword>wetlands</keyword>
            <keyword>specimen data</keyword>
            <keyword>Laurentian Great Lakes</keyword>
            <keyword>aquatic ecosystems</keyword>
            <keyword>European frog-bit</keyword>
            <keyword>Occurrence</keyword>
            <keyword>occurrence records</keyword>
            <keywordThesaurus>GBIF Dataset Type Vocabulary: http://rs.gbif.org/vocabulary/gbif/dataset_type_2015-07-10.xml</keywordThesaurus>
        </keywordSet>
        <intellectualRights>
            <para>This work is licensed under a <ulink url="http://creativecommons.org/licenses/by/4.0/legalcode"><citetitle>Creative Commons Attribution (CC-BY) 4.0 License</citetitle></ulink>.</para>
        </intellectualRights>
        <licensed>
            <licenseName>Creative Commons Attribution 4.0 International</licenseName>
            <url>https://spdx.org/licenses/CC-BY-4.0.html</url>
            <identifier>CC-BY-4.0</identifier>
        </licensed>
        <distribution scope="document">
            <online>
                <url function="download">https://ipt.pensoft.net/archive.do?r=europeanfrogbit</url>
            </online>
        </distribution>
        <coverage>
            <geographicCoverage>
                <geographicDescription>30.3207 and 49.7652 Latitude; -121.9681 and -69.8762 Longitude</geographicDescription>
                <boundingCoordinates>
                    <westBoundingCoordinate>-121.968</westBoundingCoordinate>
                    <eastBoundingCoordinate>-69.876</eastBoundingCoordinate>
                    <northBoundingCoordinate>49.765</northBoundingCoordinate>
                    <southBoundingCoordinate>30.321</southBoundingCoordinate>
                </boundingCoordinates>
            </geographicCoverage>
            <temporalCoverage>
                <rangeOfDates>
                    <beginDate>
                        <calendarDate>                1932-01-01
</calendarDate>
                    </beginDate>
                    <endDate>
                        <calendarDate>                2021-07-29
</calendarDate>
                    </endDate>
                </rangeOfDates>
            </temporalCoverage>
            <taxonomicCoverage>
                <taxonomicClassification>
                    <taxonRankName>Species</taxonRankName>
                    <taxonRankValue>Hydrocharis morsus-ranae L.</taxonRankValue>
                    <commonName>European frog-bit</commonName>
                </taxonomicClassification>
            </taxonomicCoverage>
        </coverage>
        <maintenance>
            <description>
                <para></para>
            </description>
            <maintenanceUpdateFrequency>unkown</maintenanceUpdateFrequency>
        </maintenance>
        <contact>
            <individualName>
                <givenName>Sara</givenName>
                <surName>Hansen</surName>
            </individualName>
            <organizationName>Central Michigan University</organizationName>
            <positionName>Graduate Research Assistant</positionName>
            <address>
                <deliveryPoint>2100 Biosciences</deliveryPoint>
                <city>Mount Pleasant</city>
                <administrativeArea>MI</administrativeArea>
                <postalCode>48858</postalCode>
                <country>UNITED_STATES</country>
            </address>
            <phone>9896156555</phone>
            <electronicMailAddress>hanse2s@cmich.edu</electronicMailAddress>
            <userId directory="http://orcid.org/">0000-0003-3397-3573</userId>
        </contact>
        <contact>
            <individualName>
                <givenName>Anna</givenName>
                <surName>Monfils</surName>
            </individualName>
            <organizationName>Central Michigan University</organizationName>
            <positionName>Professor and Director of CMU Herbarium (CMC)</positionName>
            <address>
                <deliveryPoint>2100 Biosciences</deliveryPoint>
                <city>Mount Pleasant</city>
                <administrativeArea>MI</administrativeArea>
                <postalCode>48858</postalCode>
                <country>UNITED_STATES</country>
            </address>
            <phone>9893303965</phone>
            <electronicMailAddress>monfi1ak@cmich.edu</electronicMailAddress>
            <userId directory="http://orcid.org/">0000-0003-3553-6430</userId>
        </contact>
        <methods>
            <methodStep>
                <description>
                    <para>See Quality Control</para>
                </description>
            </methodStep>
            <sampling>
                <studyExtent>
                    <description>
                        <para>We include all accessible North American occurrences (observation- and specimen-based) dating from 1932 to July 2021 in the dataset. The data represent occurrence records from two Canadian provinces (Ontario and Quebec) and thirteen U.S. states; ten of which have recorded EFB presence (Florida, Maine, Michigan, New Jersey, New York, Ohio, Pennsylvania, Vermont, Washington State, and Wisconsin) and three of which have recorded absence only (Illinois, Indiana, and Kentucky).</para>
                    </description>
                </studyExtent>
                <samplingDescription>
                    <para>European frog-bit occurrence records were aggregated from digital data repositories, natural history collections, and university researchers. A total of 23,985 observation-based and specimen-based digital records were initially obtained; after data validation and duplicate removal, the total aggregated dataset contains 12,037 unique records. Specimen-based data in natural history collections were accessed through digital specimen data aggregators: Consortium of Midwest Herbaria, Global Biodiversity Information Facility, Great Lakes Invasives Network, and Integrated Digitized Biocollections.</para>
                </samplingDescription>
            </sampling>
            <qualityControl>
                <description>
                    <para>Field names and contents of raw data were standardized to ensure consistent capitalization, spelling, grammar, taxon naming conventions, and formatting to conform to Darwin Core standards, as described in the Darwin Core Quick Reference Guide.

We identified and consolidated duplicate observation-based records held by multiple online repositories, retaining all record numbers to ensure each merged record would be traceable to every online source that houses it. We merged specimen-based records only when they were taken from the same specimen sheet (as verified by examining each original specimen image) or associated with an observation-based record. When specimens were known to be physical duplicates (separate individuals collected by same collector at same time and place) or when images were not available, specimen-based records were retained.

We standardized information in the eventDate and eventTime fields to conform to ISO 8601-1:2019 and recorded original dates in the verbatimEventDate field, as per Darwin Core standards. Occurrences recorded with dates on January 1 were inconsistent with the known phenology of EFB in its invasive range. For these records, only the record year was retained.

One hundred fifty digitized specimen images were provided by Agriculture and Agri-Food Canada&apos;s National Collection of Vascular Plants. Image labels were transcribed to Darwin Core fields. They include data as early as 1936, in the first few years of EFB&apos;s invasive spread following its 1932 introduction.

Data were corrected and modified only to the extent necessary to improve clarity and usability; original content was maintained whenever possible. When locality strings were updated using associated data or linked records, original locality strings were retained in verbatimLocality, as per Darwin Core standards. We corrected specimen sheet transcriptions and reference URLs where needed.

When provided, original geographic coordinates were retained. When no coordinates of any kind were available (290 records), we georeferenced records using the GEOLocate Web Application and following the guidance of Chapman and Wieczorek (2020). We noted decisions regarding placement of coordinate points and their associated uncertainty in locationRemarks and georeferenceRemarks. Seven records could not be georeferenced due to localities that were too broad or indeterminate, and we noted this in georeferenceRemarks.</para>
                </description>
            </qualityControl>
        </methods>

            <project >
                <title>Aggregated occurrence records of invasive European frog-bit (Hydrocharis morsus-ranae L.) across North America</title>
                <personnel>
                    <individualName>
                    <givenName>Sara</givenName>
                    <surName>Hansen</surName>
                    </individualName>
                    <role>AUTHOR</role>
                </personnel>
                <personnel>
                    <individualName>
                    <givenName>Blake</givenName>
                    <surName>Cahill</surName>
                    </individualName>
                    <role>AUTHOR</role>
                </personnel>
                <personnel>
                    <individualName>
                    <givenName>Rachell</givenName>
                    <surName>Hackett</surName>
                    </individualName>
                    <role>AUTHOR</role>
                </personnel>
                <personnel>
                    <individualName>
                    <givenName>Michael</givenName>
                    <surName>Monfils</surName>
                    </individualName>
                    <role>AUTHOR</role>
                </personnel>
                <personnel>
                    <individualName>
                    <givenName>Ryan</givenName>
                    <surName>Goebel</surName>
                    </individualName>
                    <role>AUTHOR</role>
                </personnel>
                <personnel>
                    <individualName>
                    <givenName>Shannon</givenName>
                    <surName>Asencio</surName>
                    </individualName>
                    <role>AUTHOR</role>
                </personnel>
                <personnel>
                    <individualName>
                    <givenName>Anna</givenName>
                    <surName>Monfils</surName>
                    </individualName>
                    <role>AUTHOR</role>
                </personnel>
                <abstract>
                    <para></para>
                </abstract>
                <funding>
                    <para></para>
                </funding>
            </project>
    </dataset>

    <additionalMetadata>
        <metadata>
            <gbif>
                <dateStamp>2025-10-11T04:46:56Z</dateStamp>
                <citation>Hansen S, Cahill B, Hackett R, Monfils M, Goebel R, Asencio S, Monfils A (2022). Aggregated occurrence records of invasive European frog-bit (Hydrocharis morsus-ranae L.) across North America. Biodiversity Data Journal. Occurrence dataset https://doi.org/10.15468/jsab2y accessed via GBIF.org on 2025-10-11.</citation>
            </gbif>
        </metadata>
    </additionalMetadata>
    </eml:eml>
