<?xml version="1.0" encoding="utf-8"?>
<eml:eml xmlns:eml="https://eml.ecoinformatics.org/eml-2.2.0" xmlns:xsi="http://www.w3.org/2001/XMLSchema-instance"
         xsi:schemaLocation="https://eml.ecoinformatics.org/eml-2.2.0 https://rs.gbif.org/schema/eml-gbif-profile/1.3/eml.xsd"
packageId="7b742032-9940-4da3-8c1a-3eaceaed4f1f"  system="http://gbif.org" scope="system"
xml:lang="en">
    <dataset>
        <alternateIdentifier>10.15468/y79c2g</alternateIdentifier>
        <alternateIdentifier>https://intermountainbiota.org/portal/collections/misc/collprofiles.php?collid=545</alternateIdentifier>
        <alternateIdentifier>https://www.intermountainbiota.org/portal/collections/misc/collprofiles.php?collid=545</alternateIdentifier>
        <title>Washington State University Marion Ownbey Herbarium</title>
        <creator>
            <organizationName>Intermountain Herbaria Portal</organizationName>
            <electronicMailAddress>help@symbiota.org</electronicMailAddress>
            <onlineUrl>https://intermountainbiota.org/portal/index.php</onlineUrl>
        </creator>
        <metadataProvider>
            <organizationName>Intermountain Herbaria Portal</organizationName>
            <electronicMailAddress>help@symbiota.org</electronicMailAddress>
            <onlineUrl>https://intermountainbiota.org/portal/index.php</onlineUrl>
        </metadataProvider>
        <associatedParty>
            <individualName>
                <givenName>Eric</givenName>
                <surName>Roalson</surName>
            </individualName>
            <positionName>Director</positionName>
            <electronicMailAddress>eric_roalson@wsu.edu</electronicMailAddress>
            <userId directory="https://orcid.org/">0000-0003-1655-3681</userId>
            <role>CONTENT_PROVIDER</role>
        </associatedParty>
        <associatedParty>
            <individualName>
                <givenName>Walter</givenName>
                <surName>Fertig</surName>
            </individualName>
            <positionName>Collections Manager</positionName>
            <electronicMailAddress>walter.fertig@wsu.edu</electronicMailAddress>
            <userId directory="https://orcid.org/">0000-0001-9112-1745</userId>
            <role>CONTENT_PROVIDER</role>
        </associatedParty>
        <pubDate>
                2025-10-01
        </pubDate>
        <language>ENGLISH</language>
        <abstract>
            <para>The Marion Ownbey Herbarium (WS) is a collection of over 430,000 specimens of vascular plants, bryophytes, and lichens.&amp;nbsp; The herbarium includes plants from around the world, with an emphasis on species from eastern Washington, Idaho, and Oregon, as well as the northern Rocky Mountains, Great Basin, California, and western Canada.&amp;nbsp; WS is especially strong in collections of Allium, Carex, Castilleja, Eriogonum, Lomatium, Lupinus, Mentzelia, Penstemon, Synthyris, Tillandsia, and Tragopogon.&amp;nbsp; Prominent collectors from the herbarium include Wilhelm Suksdorf, C.V. Piper, Harold St. John, Marion Ownbey, C.L. Hitchcock, Arthur Cronquist, Rex Daubenmire, Robert Whittaker, and Noe &amp;amp; Betty Higinbotham.</para>
        </abstract>
        <intellectualRights>
            <para>This work is licensed under a <ulink url="http://creativecommons.org/licenses/by-nc/4.0/legalcode"><citetitle>Creative Commons Attribution Non Commercial (CC-BY-NC) 4.0 License</citetitle></ulink>.</para>
        </intellectualRights>
        <licensed>
            <licenseName>Creative Commons Attribution Non Commercial 4.0 International</licenseName>
            <url>https://spdx.org/licenses/CC-BY-NC-4.0.html</url>
            <identifier>CC-BY-NC-4.0</identifier>
        </licensed>
        <distribution scope="document">
            <online>
                <url function="download">https://intermountainbiota.org/portal/content/dwca/WS_DwC-A.zip</url>
            </online>
        </distribution>
        <contact>
            <organizationName>Washington State University Marion Ownbey Herbarium</organizationName>
            <phone>[1] 509 335 3250</phone>
            <electronicMailAddress>eric_roalson@wsu.edu</electronicMailAddress>
            <onlineUrl>https://stage.web.wsu.edu/ownbey-herbarium/</onlineUrl>
            <userId directory="https://orcid.org/">0000-0003-1655-3681</userId>
        </contact>

    </dataset>

    <additionalMetadata>
        <metadata>
            <gbif>
                <dateStamp>2025-10-11T04:46:51Z</dateStamp>
                <citation>Marion Ownbey Herbarium Washington State University (2025). Washington State University Marion Ownbey Herbarium. Occurrence dataset https://doi.org/10.15468/y79c2g accessed via GBIF.org on 2025-10-11.</citation>
            </gbif>
        </metadata>
    </additionalMetadata>
    </eml:eml>
