<?xml version="1.0" encoding="utf-8"?>
<eml:eml xmlns:eml="https://eml.ecoinformatics.org/eml-2.2.0" xmlns:xsi="http://www.w3.org/2001/XMLSchema-instance"
         xsi:schemaLocation="https://eml.ecoinformatics.org/eml-2.2.0 https://rs.gbif.org/schema/eml-gbif-profile/1.3/eml.xsd"
packageId="808d54a7-9884-4b1c-8112-39522fe004d4"  system="http://gbif.org" scope="system"
xml:lang="en">
    <dataset>
        <alternateIdentifier>10.15468/vzkvuf</alternateIdentifier>
        <alternateIdentifier>https://midwestherbaria.org/portal/collections/misc/collprofiles.php?collid=238</alternateIdentifier>
        <title>Miami University Turrell Herbarium - Vascular Plants</title>
        <creator>
            <organizationName>Midwest Herbaria Portal</organizationName>
            <electronicMailAddress>help@symbiota.org</electronicMailAddress>
            <onlineUrl>https://midwestherbaria.org/portal/index.php</onlineUrl>
        </creator>
        <metadataProvider>
            <organizationName>Midwest Herbaria Portal</organizationName>
            <electronicMailAddress>help@symbiota.org</electronicMailAddress>
            <onlineUrl>https://midwestherbaria.org/portal/index.php</onlineUrl>
        </metadataProvider>
        <associatedParty>
            <individualName>
                <givenName>Gretchen</givenName>
                <surName>Meier</surName>
            </individualName>
            <positionName>Curator</positionName>
            <electronicMailAddress>meierga@miamioh.edu</electronicMailAddress>
            <role>CONTENT_PROVIDER</role>
        </associatedParty>
        <pubDate>
                2025-10-01
        </pubDate>
        <language>ENGLISH</language>
        <abstract>
            <para>Miami University is the home of Ohio&amp;#39;s largest herbarium, the Willard Sherman Turrell Herbarium. The herbarium&amp;#39;s holdings of approximately 620,000 specimens are worldwide in both geographical and taxonomic coverage. The collection consists of 330,000 vascular plant specimens, as well as 140,000 bryophytes, 100,000 fungi, 35,000 lichens, 10,000 algae, and 5,000 fossil plants. There are several thousand type specimens contained in the collection, as well as many sets of cryptogamic exsiccatae. Active exchange programs are ongoing with many herbaria worldwide to ensure the continued breadth and depth of the collection. The W.S. Turrell Herbarium Fund is an endowment which benefits the herbarium, and is restricted to support of the research activities of the staff and students in systematic botany.</para>
        </abstract>
        <intellectualRights>
            <para>To the extent possible under law, the publisher has waived all rights to these data and has dedicated them to the <ulink url="http://creativecommons.org/publicdomain/zero/1.0/legalcode"><citetitle>Public Domain (CC0 1.0)</citetitle></ulink>. Users may copy, modify, distribute and use the work, including for commercial purposes, without restriction.</para>
        </intellectualRights>
        <licensed>
            <licenseName>Creative Commons Zero v1.0 Universal</licenseName>
            <url>https://spdx.org/licenses/CC0-1.0.html</url>
            <identifier>CC0-1.0</identifier>
        </licensed>
        <distribution scope="document">
            <online>
                <url function="download">https://midwestherbaria.org/portal/content/dwca/MU_DwC-A.zip</url>
            </online>
        </distribution>
        <contact>
            <organizationName>Miami University Turrell Herbarium - Vascular Plants</organizationName>
            <phone>5135292755</phone>
            <electronicMailAddress>meierga@miamioh.edu</electronicMailAddress>
            <onlineUrl>https://miamioh.edu/cas/centers-institutes/herbarium/index.html</onlineUrl>
        </contact>

    </dataset>

    <additionalMetadata>
        <metadata>
            <gbif>
                <dateStamp>2025-10-11T04:46:55Z</dateStamp>
                <citation>W.S. Turrell Herbarium (MU) (2025). Miami University Turrell Herbarium - Vascular Plants. Occurrence dataset https://doi.org/10.15468/vzkvuf accessed via GBIF.org on 2025-10-11.</citation>
            </gbif>
        </metadata>
    </additionalMetadata>
    </eml:eml>
