<?xml version="1.0" encoding="utf-8"?>
<eml:eml xmlns:eml="https://eml.ecoinformatics.org/eml-2.2.0" xmlns:xsi="http://www.w3.org/2001/XMLSchema-instance"
         xsi:schemaLocation="https://eml.ecoinformatics.org/eml-2.2.0 https://rs.gbif.org/schema/eml-gbif-profile/1.3/eml.xsd"
packageId="84687bdc-f762-11e1-a439-00145eb45e9a"  system="http://gbif.org" scope="system"
xml:lang="en">
    <dataset>
        <alternateIdentifier>10.15468/ez9tlr</alternateIdentifier>
        <alternateIdentifier>514</alternateIdentifier>
        <title>University of Western Ontario Collection</title>
        <language>ENGLISH</language>
        <abstract>
            Transcribed from specimen labels; latitude and longitude provided by CNC or collector.
        </abstract>
        <intellectualRights>
            <para>This work is licensed under a <ulink url="http://creativecommons.org/licenses/by/4.0/legalcode"><citetitle>Creative Commons Attribution (CC-BY) 4.0 License</citetitle></ulink>.</para>
        </intellectualRights>
        <licensed>
            <licenseName>Creative Commons Attribution 4.0 International</licenseName>
            <url>https://spdx.org/licenses/CC-BY-4.0.html</url>
            <identifier>CC-BY-4.0</identifier>
        </licensed>
        <distribution scope="document">
            <online>
                <url function="information">http://www.uwo.ca/</url>
            </online>
        </distribution>
        <distribution scope="document">
            <online>
                <url function="download">https://orphans.gbif.org/CA/84687bdc-f762-11e1-a439-00145eb45e9a.zip</url>
            </online>
        </distribution>
        <maintenance>
            <description>
                <para></para>
            </description>
            <maintenanceUpdateFrequency>unkown</maintenanceUpdateFrequency>
        </maintenance>
        <contact>
            <individualName>
                <givenName>Nina</givenName>
                <surName>Zitani</surName>
            </individualName>
            <organizationName>University of Western Ontario</organizationName>
            <positionName>Curator</positionName>
            <address>
                <city>London</city>
                <administrativeArea>Ontario</administrativeArea>
                <postalCode>N6A 5B7</postalCode>
                <country>CANADA</country>
            </address>
            <phone>519-661-2111 #85356</phone>
            <electronicMailAddress>nzitani@uwo.ca</electronicMailAddress>
            <onlineUrl>https://www.uwo.ca/biology/research/biology_facilities/zoological_collections.html</onlineUrl>
        </contact>

    </dataset>

    <additionalMetadata>
        <metadata>
            <gbif>
                <dateStamp>2025-10-11T04:46:58Z</dateStamp>
                <citation>Canadian Biodiversity Information Facility. University of Western Ontario Collection. Occurrence dataset https://doi.org/10.15468/ez9tlr accessed via GBIF.org on 2025-10-11.</citation>
                <physical>
                    <objectName>GBIF Occurrence Download</objectName>
                    <characterEncoding>UTF-8</characterEncoding>
                    <dataFormat>
                        <externallyDefinedFormat>
                            <formatName>Darwin Core Archive</formatName>
                        </externallyDefinedFormat>
                    </dataFormat>
                    <distribution>
                        <online>
                            <url function="download">http://api.gbif.org/v1/occurrence/download/request/0012551-180131172636756.zip</url>
                        </online>
                    </distribution>
                </physical>
            </gbif>
        </metadata>
    </additionalMetadata>
    </eml:eml>
