<?xml version="1.0" encoding="utf-8"?>
<eml:eml xmlns:eml="https://eml.ecoinformatics.org/eml-2.2.0" xmlns:xsi="http://www.w3.org/2001/XMLSchema-instance"
         xsi:schemaLocation="https://eml.ecoinformatics.org/eml-2.2.0 https://rs.gbif.org/schema/eml-gbif-profile/1.3/eml.xsd"
packageId="847620ca-f762-11e1-a439-00145eb45e9a"  system="http://gbif.org" scope="system"
xml:lang="en">
    <dataset>
        <alternateIdentifier>10.15468/lgkyck</alternateIdentifier>
        <alternateIdentifier>526</alternateIdentifier>
        <title>Phragmites of Canada</title>
        <language>ENGLISH</language>
        <abstract>
            All specimens from DAO, Agriculture and Agri-Food Canada Herbarium in Ottawa are entered.
        </abstract>
        <intellectualRights>
            <para>This work is licensed under a <ulink url="http://creativecommons.org/licenses/by/4.0/legalcode"><citetitle>Creative Commons Attribution (CC-BY) 4.0 License</citetitle></ulink>.</para>
        </intellectualRights>
        <licensed>
            <licenseName>Creative Commons Attribution 4.0 International</licenseName>
            <url>https://spdx.org/licenses/CC-BY-4.0.html</url>
            <identifier>CC-BY-4.0</identifier>
        </licensed>
        <distribution scope="document">
            <online>
                <url function="information">http://www.agr.gc.ca/</url>
            </online>
        </distribution>
        <distribution scope="document">
            <online>
                <url function="download">https://orphans.gbif.org/CA/847620ca-f762-11e1-a439-00145eb45e9a.zip</url>
            </online>
        </distribution>
        <maintenance>
            <description>
                <para></para>
            </description>
            <maintenanceUpdateFrequency>unkown</maintenanceUpdateFrequency>
        </maintenance>
        <contact>
            <individualName>
                <surName>Dr. Guy Baillargeon</surName>
            </individualName>
            <positionName>CBIF Node administrator</positionName>
            <phone>1 418 736-8479</phone>
            <electronicMailAddress>baillarg[AT]agr.gc.ca</electronicMailAddress>
        </contact>
        <contact>
            <individualName>
                <surName>Dr. Catling</surName>
            </individualName>
            <positionName>Research Scientist</positionName>
            <phone>1 613 759-1373</phone>
            <electronicMailAddress>pcatling[AT]agr.gc.ca</electronicMailAddress>
        </contact>

    </dataset>

    <additionalMetadata>
        <metadata>
            <gbif>
                <dateStamp>2025-10-11T04:46:57Z</dateStamp>
                <citation>Canadian Biodiversity Information Facility. Phragmites of Canada. Occurrence dataset https://doi.org/10.15468/lgkyck accessed via GBIF.org on 2025-10-11.</citation>
                <physical>
                    <objectName>GBIF Occurrence Download</objectName>
                    <characterEncoding>UTF-8</characterEncoding>
                    <dataFormat>
                        <externallyDefinedFormat>
                            <formatName>Darwin Core Archive</formatName>
                        </externallyDefinedFormat>
                    </dataFormat>
                    <distribution>
                        <online>
                            <url function="download">http://api.gbif.org/v1/occurrence/download/request/0012555-180131172636756.zip</url>
                        </online>
                    </distribution>
                </physical>
            </gbif>
        </metadata>
    </additionalMetadata>
    </eml:eml>
