<?xml version="1.0" encoding="utf-8"?>
<eml:eml xmlns:eml="https://eml.ecoinformatics.org/eml-2.2.0" xmlns:xsi="http://www.w3.org/2001/XMLSchema-instance"
         xsi:schemaLocation="https://eml.ecoinformatics.org/eml-2.2.0 https://rs.gbif.org/schema/eml-gbif-profile/1.3/eml.xsd"
packageId="84b18cce-083a-4464-bee8-25b2083a17cd"  system="http://gbif.org" scope="system"
xml:lang="en">
    <dataset>
        <alternateIdentifier>10.15468/54hgbz</alternateIdentifier>
        <title>Natural History Collections of the Faculty of Biology AMU</title>
        <associatedParty>
            <individualName>
                <surName>Marcin Lawenda</surName>
            </individualName>
            <electronicMailAddress>lawenda@man.poznan.pl</electronicMailAddress>
            <role>TECHNICAL_POINT_OF_CONTACT</role>
        </associatedParty>
        <language>en</language>
        <intellectualRights>
            <para>This work is licensed under a <ulink url="http://creativecommons.org/licenses/by/4.0/legalcode"><citetitle>Creative Commons Attribution (CC-BY) 4.0 License</citetitle></ulink>.</para>
        </intellectualRights>
        <licensed>
            <licenseName>Creative Commons Attribution 4.0 International</licenseName>
            <url>https://spdx.org/licenses/CC-BY-4.0.html</url>
            <identifier>CC-BY-4.0</identifier>
        </licensed>
        <contact>
            <individualName>
                <surName>Bogdan Jackowiak</surName>
            </individualName>
            <electronicMailAddress>bogjack@amu.edu.pl</electronicMailAddress>
        </contact>

    </dataset>

    <additionalMetadata>
        <metadata>
            <gbif>
                <dateStamp>2025-10-11T04:46:54Z</dateStamp>
                <citation>Adam Mickiewicz University in Poznań. Natural History Collections of the Faculty of Biology AMU. Occurrence dataset https://doi.org/10.15468/54hgbz accessed via GBIF.org on 2025-10-11.</citation>
            </gbif>
        </metadata>
    </additionalMetadata>
    </eml:eml>
