<?xml version="1.0" encoding="utf-8"?>
<eml:eml xmlns:eml="https://eml.ecoinformatics.org/eml-2.2.0" xmlns:xsi="http://www.w3.org/2001/XMLSchema-instance"
         xsi:schemaLocation="https://eml.ecoinformatics.org/eml-2.2.0 https://rs.gbif.org/schema/eml-gbif-profile/1.3/eml.xsd"
packageId="8971dfba-f762-11e1-a439-00145eb45e9a"  system="http://gbif.org" scope="system"
xml:lang="en">
    <dataset>
        <alternateIdentifier>10.18165/9enbmt</alternateIdentifier>
        <alternateIdentifier>https://ipt-test.museums.ualberta.ca/ipt/resource?r=entomology</alternateIdentifier>
        <alternateIdentifier>https://ipt.museums.ualberta.ca/ipt/resource?r=entomology</alternateIdentifier>
        <alternateIdentifier>10.15468/tbpwqc</alternateIdentifier>
        <alternateIdentifier>http://web.macs.ualberta.ca:8088/ipt/resource?r=entomology</alternateIdentifier>
        <alternateIdentifier>http://web.macs.ualberta.ca:8088/ipt/resource.do?r=entomology</alternateIdentifier>
        <alternateIdentifier>8971dfba-f762-11e1-a439-00145eb45e9a</alternateIdentifier>
        <alternateIdentifier>2618</alternateIdentifier>
        <title>University of Alberta E. H. Strickland Entomological Museum (UASM)</title>
        <creator>
            <individualName>
                <surName>University of Alberta Museums</surName>
            </individualName>
            <address>
                <deliveryPoint>Rutherford South 3-20, 11204-89 Avenue NW</deliveryPoint>
                <city>Edmonton</city>
                <administrativeArea>Alberta</administrativeArea>
                <postalCode>T6G 2J4</postalCode>
                <country>CANADA</country>
            </address>
            <phone>780-492-5834</phone>
            <electronicMailAddress>museums@ualberta.ca</electronicMailAddress>
            <onlineUrl>https://www.ualberta.ca/en/museums/index.html</onlineUrl>
        </creator>
        <metadataProvider>
            <individualName>
                <givenName>Alyssa</givenName>
                <surName>Becker-Burns</surName>
            </individualName>
            <organizationName>University of Alberta Museums</organizationName>
            <positionName>Assistant Director Collections Management</positionName>
            <address>
                <deliveryPoint>Rutherford South 3-20, 11204-89 Avenue NW</deliveryPoint>
                <city>Edmonton</city>
                <administrativeArea>Alberta</administrativeArea>
                <postalCode>T6G 2J4</postalCode>
                <country>CANADA</country>
            </address>
            <phone>780-492-3871</phone>
            <electronicMailAddress>becker1@ualberta.ca</electronicMailAddress>
            <onlineUrl>https://www.ualberta.ca/en/museums/index.html</onlineUrl>
        </metadataProvider>
        <metadataProvider>
            <individualName>
                <givenName>Katherine</givenName>
                <surName>Mallalieu</surName>
            </individualName>
            <organizationName>University of Alberta Museums</organizationName>
            <positionName>Collections Management Advisor</positionName>
            <address>
                <deliveryPoint>Rutherford South 3-20, 11204-89 Avenue NW</deliveryPoint>
                <city>Edmonton</city>
                <administrativeArea>Alberta</administrativeArea>
                <postalCode>T6G 2J4</postalCode>
                <country>CANADA</country>
            </address>
            <phone>780-492-6271</phone>
            <electronicMailAddress>mallalie@ualberta.ca</electronicMailAddress>
            <onlineUrl>https://www.ualberta.ca/en/museums/index.html</onlineUrl>
        </metadataProvider>
        <associatedParty>
            <individualName>
                <givenName>Alyssa</givenName>
                <surName>Becker-Burns</surName>
            </individualName>
            <organizationName>University of Alberta Museums</organizationName>
            <positionName>Assistant Director Collections Management</positionName>
            <address>
                <deliveryPoint>Rutherford South 3-20, 11204-89 Avenue NW</deliveryPoint>
                <city>Edmonton</city>
                <administrativeArea>Alberta</administrativeArea>
                <postalCode>T6G 2J4</postalCode>
                <country>CANADA</country>
            </address>
            <phone>780-492-3871</phone>
            <electronicMailAddress>becker1@ualberta.ca</electronicMailAddress>
            <onlineUrl>https://www.ualberta.ca/en/museums/index.html</onlineUrl>
            <role>CUSTODIAN_STEWARD</role>
        </associatedParty>
        <associatedParty>
            <individualName>
                <givenName>Felix</givenName>
                <surName>Sperling</surName>
            </individualName>
            <organizationName>University of Alberta</organizationName>
            <positionName>Curator</positionName>
            <address>
                <deliveryPoint>CW 405, Biological Sciences Bldg., University of Alberta</deliveryPoint>
                <city>Edmonton</city>
                <administrativeArea>Alberta</administrativeArea>
                <postalCode>T6G 2E9</postalCode>
                <country>CANADA</country>
            </address>
            <phone>780-492-3991</phone>
            <electronicMailAddress>felix.sperling@ualberta.ca</electronicMailAddress>
            <onlineUrl>https://www.ualberta.ca/science/about-us/contact-us/faculty-directory/felix-sperling</onlineUrl>
            <userId directory="http://scholar.google.com/citations?user=">W5FvZ84AAAAJ&amp;hl=en</userId>
            <role>CURATOR</role>
        </associatedParty>
        <associatedParty>
            <individualName>
                <givenName>Katherine</givenName>
                <surName>Mallalieu</surName>
            </individualName>
            <organizationName>University of Alberta Museums</organizationName>
            <positionName>Collections Management Advisor</positionName>
            <address>
                <deliveryPoint>Rutherford South 3-20, 11204-89 Avenue NW</deliveryPoint>
                <city>Edmonton</city>
                <administrativeArea>Alberta</administrativeArea>
                <postalCode>T6G 2J4</postalCode>
                <country>CANADA</country>
            </address>
            <phone>780-492-6271</phone>
            <electronicMailAddress>mallalie@ualberta.ca</electronicMailAddress>
            <onlineUrl>https://www.ualberta.ca/en/museums/index.html</onlineUrl>
            <role>CUSTODIAN_STEWARD</role>
        </associatedParty>
        <associatedParty>
            <individualName>
                <givenName>Victor</givenName>
                <surName>Shegelski</surName>
            </individualName>
            <organizationName>University of Alberta</organizationName>
            <positionName>Assistant Curator</positionName>
            <address>
                <deliveryPoint>CW 405, Biological Sciences Bldg., University of Alberta</deliveryPoint>
                <city>Edmonton</city>
                <administrativeArea>Alberta</administrativeArea>
                <postalCode>T6G 2E9</postalCode>
                <country>CANADA</country>
            </address>
            <phone>780-492-0461</phone>
            <electronicMailAddress>shegelsk@ualberta.ca</electronicMailAddress>
            <onlineUrl>https://apps.ualberta.ca/directory/person/shegelsk</onlineUrl>
            <role>CURATOR</role>
        </associatedParty>
        <pubDate>
                2025-09-27
        </pubDate>
        <language>ENGLISH</language>
        <abstract>
            <para>The E. H. Strickland Entomological Museum houses approximately one million specimens. The research collection includes principally Nearctic insects, representing most orders and the major families thereof. The beetle family Carabidae is especially well represented: included are about 400,000 specimens mainly from the Nearctic region, but with an important Neotropical component, and fewer taxa from the remaining biogeographic regions of the world. The moths and butterflies, order Lepidoptera, with over 65,000 specimens, about half of which are from Alberta localities, are another group of major interest.</para>
        </abstract>
        <keywordSet>
            <keyword>Occurrence</keyword>
            <keywordThesaurus>GBIF Dataset Type Vocabulary: http://rs.gbif.org/vocabulary/gbif/dataset_type.xml</keywordThesaurus>
        </keywordSet>
        <keywordSet>
            <keyword>Specimen</keyword>
            <keywordThesaurus>GBIF Dataset Subtype Vocabulary: http://rs.gbif.org/vocabulary/gbif/dataset_subtype.xml</keywordThesaurus>
        </keywordSet>
        <keywordSet>
            <keyword>Occurrence</keyword>
            <keywordThesaurus>GBIF Dataset Type Vocabulary: http://rs.gbif.org/vocabulary/gbif/dataset_type_2015-07-10.xml</keywordThesaurus>
        </keywordSet>
        <intellectualRights>
            <para>To the extent possible under law, the publisher has waived all rights to these data and has dedicated them to the <ulink url="http://creativecommons.org/publicdomain/zero/1.0/legalcode"><citetitle>Public Domain (CC0 1.0)</citetitle></ulink>. Users may copy, modify, distribute and use the work, including for commercial purposes, without restriction.</para>
        </intellectualRights>
        <licensed>
            <licenseName>Creative Commons Zero v1.0 Universal</licenseName>
            <url>https://spdx.org/licenses/CC0-1.0.html</url>
            <identifier>CC0-1.0</identifier>
        </licensed>
        <distribution scope="document">
            <online>
                <url function="information">https://www.ualberta.ca/museums/museum-collections/eh-strickland-entomological-museum.html</url>
            </online>
        </distribution>
        <distribution scope="document">
            <online>
                <url function="download">https://ipt.museums.ualberta.ca/ipt/archive.do?r=entomology</url>
            </online>
        </distribution>
        <coverage>
            <geographicCoverage>
                <geographicDescription>Global, North America, Canada, United States, Mexico, Alberta</geographicDescription>
                <boundingCoordinates>
                    <westBoundingCoordinate>-180</westBoundingCoordinate>
                    <eastBoundingCoordinate>180</eastBoundingCoordinate>
                    <northBoundingCoordinate>90</northBoundingCoordinate>
                    <southBoundingCoordinate>-90</southBoundingCoordinate>
                </boundingCoordinates>
            </geographicCoverage>
            <taxonomicCoverage>
                <generalTaxonomicCoverage>The following taxonomic groups make up &gt;10% of the collection:
Arthropoda, Hexapoda, Coleoptera, Lepidoptera, Carabidae, Noctuidae</generalTaxonomicCoverage>
                <taxonomicClassification>
                    <taxonRankName>Phylum</taxonRankName>
                    <taxonRankValue>Arthropoda</taxonRankValue>
                    <commonName>Arthropods</commonName>
                </taxonomicClassification>
                <taxonomicClassification>
                    <taxonRankName>Class</taxonRankName>
                    <taxonRankValue>Hexapoda</taxonRankValue>
                    <commonName>Hexapods</commonName>
                </taxonomicClassification>
                <taxonomicClassification>
                    <taxonRankName>Order</taxonRankName>
                    <taxonRankValue>Coleoptera</taxonRankValue>
                    <commonName>Beetles</commonName>
                </taxonomicClassification>
                <taxonomicClassification>
                    <taxonRankName>Order</taxonRankName>
                    <taxonRankValue>Lepidoptera</taxonRankValue>
                    <commonName>Moths &amp; Butterflies</commonName>
                </taxonomicClassification>
                <taxonomicClassification>
                    <taxonRankName>Family</taxonRankName>
                    <taxonRankValue>Carabidae</taxonRankValue>
                    <commonName>Ground Beetles</commonName>
                </taxonomicClassification>
                <taxonomicClassification>
                    <taxonRankName>Family</taxonRankName>
                    <taxonRankValue>Noctuidae</taxonRankValue>
                    <commonName>Owlet Moths</commonName>
                </taxonomicClassification>
            </taxonomicCoverage>
        </coverage>
        <maintenance>
            <description>
                <para></para>
            </description>
            <maintenanceUpdateFrequency>monthly</maintenanceUpdateFrequency>
        </maintenance>
        <contact>
            <individualName>
                <givenName>Felix</givenName>
                <surName>Sperling</surName>
            </individualName>
            <organizationName>University of Alberta</organizationName>
            <positionName>Curator</positionName>
            <address>
                <deliveryPoint>CW 405, Biological Sciences Bldg., University of Alberta</deliveryPoint>
                <city>Edmonton</city>
                <administrativeArea>Alberta</administrativeArea>
                <postalCode>T6G 2E9</postalCode>
                <country>CANADA</country>
            </address>
            <phone>780-492-3991</phone>
            <electronicMailAddress>felix.sperling@ualberta.ca</electronicMailAddress>
            <onlineUrl>https://apps.ualberta.ca/directory/person/fsperlin</onlineUrl>
            <userId directory="http://scholar.google.com/citations?user=">W5FvZ84AAAAJ&amp;hl=en</userId>
        </contact>

    </dataset>

    <additionalMetadata>
        <metadata>
            <gbif>
                <dateStamp>2025-10-11T04:46:48Z</dateStamp>
                <citation identifier="http://doi.org/10.18165/9enbmt">University of Alberta Museums, Becker-Burns A, Mallalieu K (2025). University of Alberta E. H. Strickland Entomological Museum (UASM). University of Alberta Museums. Occurrence dataset https://doi.org/10.18165/9enbmt accessed via GBIF.org on 2025-10-11.</citation>
                <collection>
                    <parentCollectionIdentifier>UAM</parentCollectionIdentifier>
                    <collectionIdentifier>UASM</collectionIdentifier>
                    <collectionName>University of Alberta E.H. Strickland Entomological Museum</collectionName>
                </collection>
                <formationPeriod>1877-current</formationPeriod>
                <specimenPreservationMethod>MOUNTED</specimenPreservationMethod>
            </gbif>
        </metadata>
    </additionalMetadata>
    </eml:eml>
