<?xml version="1.0" encoding="utf-8"?>
<eml:eml xmlns:eml="https://eml.ecoinformatics.org/eml-2.2.0" xmlns:xsi="http://www.w3.org/2001/XMLSchema-instance"
         xsi:schemaLocation="https://eml.ecoinformatics.org/eml-2.2.0 https://rs.gbif.org/schema/eml-gbif-profile/1.3/eml.xsd"
packageId="90c853e6-56bd-480b-8e8f-6285c3f8d42b"  system="http://gbif.org" scope="system"
xml:lang="en">
    <dataset>
        <alternateIdentifier>10.15468/nxnqzf</alternateIdentifier>
        <alternateIdentifier>https://fmipt.fieldmuseum.org/ipt/resource?r=fmnh_seedplants</alternateIdentifier>
        <alternateIdentifier>http://fmipt.fieldmuseum.org:8080/ipt/resource?r=fmnh_seedplants</alternateIdentifier>
        <alternateIdentifier>http://fmipt.fieldmuseum.org:8080/ipt/resource.do?r=fmnh_seedplants</alternateIdentifier>
        <alternateIdentifier>90c853e6-56bd-480b-8e8f-6285c3f8d42b</alternateIdentifier>
        <alternateIdentifier>14346</alternateIdentifier>
        <title>Field Museum of Natural History (Botany) Seed Plant Collection</title>
        <creator>
            <individualName>
                <givenName>Sharon</givenName>
                <surName>Grant</surName>
            </individualName>
            <organizationName>Field Museum of Natural History</organizationName>
            <positionName>Information Systems Director</positionName>
            <address>
                <city>Chicago</city>
                <administrativeArea>IL</administrativeArea>
                <country>UNITED_STATES</country>
            </address>
            <electronicMailAddress>sgrant@fieldmuseum.org</electronicMailAddress>
        </creator>
        <metadataProvider>
            <individualName>
                <givenName>Matt</givenName>
                <surName>von Konrat</surName>
            </individualName>
            <organizationName>Field Museum of Natural History</organizationName>
            <positionName>Head of Botany Collections</positionName>
            <address>
                <city>Chicago</city>
                <administrativeArea>IL</administrativeArea>
                <country>UNITED_STATES</country>
            </address>
            <electronicMailAddress>mvonkonrat@fieldmuseum.org</electronicMailAddress>
        </metadataProvider>
        <pubDate>
                2023-09-22
        </pubDate>
        <language>ENGLISH</language>
        <abstract>
            Strong representation of neotropical taxa is credited to the many floristic projects and collection-oriented research programs, an integral part of the department since its inception. Especially rich are holdings in the neotropical families Rubiaceae, Asteraceae, Palmae, Fabaceae, Piperaceae and Solanaceae, primarily due to the work of present or former staff botanists. The Central American material is overall one of the world&amp;#39;s finest single collections with special strengths in Guatemala, Honduras and Costa Rica. The South American collections are important with special strengths in Venezuela, Colombia, Ecuador and Peru. A good representation in North American taxa is found, especially for Missouri and Illinois, and unmarked types are commonly discovered in these holdings.
        </abstract>
        <keywordSet>
            <keyword>Occurrence</keyword>
            <keywordThesaurus>GBIF Dataset Type Vocabulary: http://rs.gbif.org/vocabulary/gbif/dataset_type_2015-07-10.xml</keywordThesaurus>
        </keywordSet>
        <keywordSet>
            <keyword>Specimen</keyword>
            <keywordThesaurus>GBIF Dataset Subtype Vocabulary: http://rs.gbif.org/vocabulary/gbif/dataset_subtype.xml</keywordThesaurus>
        </keywordSet>
        <additionalInfo>
            <para>https://www.fieldmuseum.org/field-museum-natural-history-conditions-and-suggested-norms-use-collections-data-and-images</para>
        </additionalInfo>
        <intellectualRights>
            <para>To the extent possible under law, the publisher has waived all rights to these data and has dedicated them to the <ulink url="http://creativecommons.org/publicdomain/zero/1.0/legalcode"><citetitle>Public Domain (CC0 1.0)</citetitle></ulink>. Users may copy, modify, distribute and use the work, including for commercial purposes, without restriction.</para>
        </intellectualRights>
        <licensed>
            <licenseName>Creative Commons Zero v1.0 Universal</licenseName>
            <url>https://spdx.org/licenses/CC0-1.0.html</url>
            <identifier>CC0-1.0</identifier>
        </licensed>
        <distribution scope="document">
            <online>
                <url function="download">https://fmipt.fieldmuseum.org/ipt/archive.do?r=fmnh_seedplants</url>
            </online>
        </distribution>
        <maintenance>
            <description>
                <para></para>
            </description>
            <maintenanceUpdateFrequency>unkown</maintenanceUpdateFrequency>
        </maintenance>
        <contact>
            <individualName>
                <givenName>Sharon</givenName>
                <surName>Grant</surName>
            </individualName>
            <organizationName>Field Museum of Natural History</organizationName>
            <positionName>Information Systems Director</positionName>
            <address>
                <city>Chicago</city>
                <administrativeArea>IL</administrativeArea>
                <country>UNITED_STATES</country>
            </address>
            <electronicMailAddress>sgrant@fieldmuseum.org</electronicMailAddress>
        </contact>

    </dataset>

    <additionalMetadata>
        <metadata>
            <gbif>
                <dateStamp>2025-10-11T04:46:49Z</dateStamp>
                <citation>Grant S, von Konrat M (2023). Field Museum of Natural History (Botany) Seed Plant Collection. Version 11.16. Field Museum. Occurrence dataset https://doi.org/10.15468/nxnqzf accessed via GBIF.org on 2025-10-11.</citation>
                <resourceLogoUrl>https://fmipt.fieldmuseum.org/ipt/logo.do?r=fmnh_seedplants</resourceLogoUrl>
            </gbif>
        </metadata>
    </additionalMetadata>
    </eml:eml>
