<?xml version="1.0" encoding="utf-8"?>
<eml:eml xmlns:eml="https://eml.ecoinformatics.org/eml-2.2.0" xmlns:xsi="http://www.w3.org/2001/XMLSchema-instance"
         xsi:schemaLocation="https://eml.ecoinformatics.org/eml-2.2.0 https://rs.gbif.org/schema/eml-gbif-profile/1.3/eml.xsd"
packageId="a0bc258b-932b-47ba-af1e-746ec9cd634a"  system="http://gbif.org" scope="system"
xml:lang="en">
    <dataset>
        <alternateIdentifier>10.15468/fwt95r</alternateIdentifier>
        <alternateIdentifier>https://midwestherbaria.org/portal/collections/misc/collprofiles.php?collid=239</alternateIdentifier>
        <title>Ohio State University Herbarium</title>
        <creator>
            <organizationName>Midwest Herbaria Portal</organizationName>
            <electronicMailAddress>help@symbiota.org</electronicMailAddress>
            <onlineUrl>https://midwestherbaria.org/portal/index.php</onlineUrl>
        </creator>
        <metadataProvider>
            <organizationName>Midwest Herbaria Portal</organizationName>
            <electronicMailAddress>help@symbiota.org</electronicMailAddress>
            <onlineUrl>https://midwestherbaria.org/portal/index.php</onlineUrl>
        </metadataProvider>
        <associatedParty>
            <individualName>
                <surName>John V. Freudenstein, Director</surName>
            </individualName>
            <electronicMailAddress>freudenstein.1@osu.edu</electronicMailAddress>
            <role>CONTENT_PROVIDER</role>
        </associatedParty>
        <associatedParty>
            <individualName>
                <givenName>Jeff</givenName>
                <surName>Rose</surName>
            </individualName>
            <positionName>Curator</positionName>
            <electronicMailAddress>rose.873@osu.edu</electronicMailAddress>
            <role>CONTENT_PROVIDER</role>
        </associatedParty>
        <pubDate>
                2025-10-01
        </pubDate>
        <language>ENGLISH</language>
        <abstract>
            <para>The Ohio State University Herbarium (OS) is a major collection of plant and fungal specimens and is a unit of the Department of Evolution, Ecology and Organismal Biology. We are part of OSU&amp;#39;s Museum of Biological Diversity. Since its founding in 1891, the collection has grown to approximately half a million specimens and has worldwide coverage, with strengths in flora of the northeastern United States (especially Ohio) and in temperate South America. The Herbarium supports research and teaching at OSU and receives frequent use by researchers from other academic institutions, as well as by staff from governmental agencies such as the Ohio Department of Natural Resources.</para>
        </abstract>
        <intellectualRights>
            <para>This work is licensed under a <ulink url="http://creativecommons.org/licenses/by-nc/4.0/legalcode"><citetitle>Creative Commons Attribution Non Commercial (CC-BY-NC) 4.0 License</citetitle></ulink>.</para>
        </intellectualRights>
        <licensed>
            <licenseName>Creative Commons Attribution Non Commercial 4.0 International</licenseName>
            <url>https://spdx.org/licenses/CC-BY-NC-4.0.html</url>
            <identifier>CC-BY-NC-4.0</identifier>
        </licensed>
        <distribution scope="document">
            <online>
                <url function="download">https://midwestherbaria.org/portal/content/dwca/OS_DwC-A.zip</url>
            </online>
        </distribution>
        <contact>
            <organizationName>Ohio State University Herbarium</organizationName>
            <electronicMailAddress>freudenstein.1@osu.edu</electronicMailAddress>
            <onlineUrl>http://herbarium.osu.edu/</onlineUrl>
        </contact>

    </dataset>

    <additionalMetadata>
        <metadata>
            <gbif>
                <dateStamp>2025-10-11T04:46:55Z</dateStamp>
                <citation>Museum of Biological Diversity, The Ohio State University (2025). Ohio State University Herbarium. Occurrence dataset https://doi.org/10.15468/fwt95r accessed via GBIF.org on 2025-10-11.</citation>
            </gbif>
        </metadata>
    </additionalMetadata>
    </eml:eml>
