<?xml version="1.0" encoding="utf-8"?>
<eml:eml xmlns:eml="https://eml.ecoinformatics.org/eml-2.2.0" xmlns:xsi="http://www.w3.org/2001/XMLSchema-instance"
         xsi:schemaLocation="https://eml.ecoinformatics.org/eml-2.2.0 https://rs.gbif.org/schema/eml-gbif-profile/1.3/eml.xsd"
packageId="ca16e061-b737-4876-9a67-9938f3aa6c8f"  system="http://gbif.org" scope="system"
xml:lang="fr">
    <dataset>
        <alternateIdentifier>10.5886/4ga8rngp</alternateIdentifier>
        <alternateIdentifier>http://data.canadensys.net/ipt/resource?r=bryoquel-specimens</alternateIdentifier>
        <alternateIdentifier>10.15468/onslxq</alternateIdentifier>
        <alternateIdentifier>http://data.canadensys.net/ipt/resource.do?r=bryoquel-specimens</alternateIdentifier>
        <alternateIdentifier>ca16e061-b737-4876-9a67-9938f3aa6c8f</alternateIdentifier>
        <title>Bryoquel : Spécimens de bryophytes de l&apos;herbier de la Société Québécoise de Bryologie</title>
        <creator>
            <individualName>
                <givenName>Jean</givenName>
                <surName>Faubert</surName>
            </individualName>
            <organizationName>Société québécoise de bryologie</organizationName>
            <address>
                <deliveryPoint>47 rang 4 est</deliveryPoint>
                <city>Saint-Valérien-de-Rimouski</city>
                <administrativeArea>Québec</administrativeArea>
                <postalCode>G0L 4E0</postalCode>
                <country>CANADA</country>
            </address>
            <phone>418-736-4663</phone>
            <electronicMailAddress>info@societequebecoisedebryologie.org</electronicMailAddress>
            <onlineUrl>http://societequebecoisedebryologie.org</onlineUrl>
        </creator>
        <metadataProvider>
            <individualName>
                <givenName>Jean</givenName>
                <surName>Faubert</surName>
            </individualName>
            <organizationName>Société québécoise de bryologie</organizationName>
            <address>
                <deliveryPoint>47 rang 4 est</deliveryPoint>
                <city>Saint-Valérien-de-Rimouski</city>
                <administrativeArea>Québec</administrativeArea>
                <postalCode>G0L 4E0</postalCode>
                <country>CANADA</country>
            </address>
            <phone>418-736-4663</phone>
            <electronicMailAddress>info@societequebecoisedebryologie.org</electronicMailAddress>
            <onlineUrl>http://societequebecoisedebryologie.org</onlineUrl>
        </metadataProvider>
        <associatedParty>
            <individualName>
                <givenName>Jean</givenName>
                <surName>Faubert</surName>
            </individualName>
            <organizationName>Société québécoise de bryologie</organizationName>
            <address>
                <deliveryPoint>47 rang 4 est</deliveryPoint>
                <city>Saint-Valérien-de-Rimouski</city>
                <administrativeArea>Québec</administrativeArea>
                <postalCode>G0L 4E0</postalCode>
                <country>CANADA</country>
            </address>
            <phone>418-736-4663</phone>
            <electronicMailAddress>info@societequebecoisedebryologie.org</electronicMailAddress>
            <onlineUrl>http://societequebecoisedebryologie.org</onlineUrl>
            <role>AUTHOR</role>
        </associatedParty>
        <associatedParty>
            <organizationName>Société québécoise de bryologie</organizationName>
            <address>
                <deliveryPoint>47 rang 4 est</deliveryPoint>
                <city>Saint-Valérien-de-Rimouski</city>
                <administrativeArea>Québec</administrativeArea>
                <postalCode>G0L 4E0</postalCode>
                <country>CANADA</country>
            </address>
            <phone>418 736 4663</phone>
            <electronicMailAddress>info@societequebecoisedebryologie.org</electronicMailAddress>
            <onlineUrl>http://societequebecoisedebryologie.org</onlineUrl>
            <role>PUBLISHER</role>
        </associatedParty>
        <pubDate>
                2016-06-03
        </pubDate>
        <language>FRENCH</language>
        <abstract>
            Spécimens de bryophytes conservés dans l&amp;#39;herbier de la Société québécoise de bryologie
        </abstract>
        <keywordSet>
            <keyword>Occurrence</keyword>
            <keywordThesaurus>GBIF Dataset Type Vocabulary: http://rs.gbif.org/vocabulary/gbif/dataset_type.xml</keywordThesaurus>
        </keywordSet>
        <keywordSet>
            <keyword>Specimen</keyword>
            <keyword>mousse</keyword>
            <keyword>bryophyte</keyword>
            <keyword>observation</keyword>
            <keyword>hépatique</keyword>
            <keyword>anthocérote</keyword>
            <keywordThesaurus>GBIF Dataset Subtype Vocabulary: http://rs.gbif.org/vocabulary/gbif/dataset_subtype.xml</keywordThesaurus>
        </keywordSet>
        <intellectualRights>
            <para>To the extent possible under law, the publisher has waived all rights to these data and has dedicated them to the <ulink url="http://creativecommons.org/publicdomain/zero/1.0/legalcode"><citetitle>Public Domain (CC0 1.0)</citetitle></ulink>. Users may copy, modify, distribute and use the work, including for commercial purposes, without restriction.</para>
        </intellectualRights>
        <licensed>
            <licenseName>Creative Commons Zero v1.0 Universal</licenseName>
            <url>https://spdx.org/licenses/CC0-1.0.html</url>
            <identifier>CC0-1.0</identifier>
        </licensed>
        <distribution scope="document">
            <online>
                <url function="information">http://societequebecoisedebryologie.org/Bryoquel.html</url>
            </online>
        </distribution>
        <distribution scope="document">
            <online>
                <url function="download">http://data.canadensys.net/ipt/archive.do?r=bryoquel-specimens</url>
            </online>
        </distribution>
        <coverage>
            <geographicCoverage>
                <geographicDescription>Spécimens et observations localisées au Québec et au Labrador</geographicDescription>
                <boundingCoordinates>
                    <westBoundingCoordinate>-79.57</westBoundingCoordinate>
                    <eastBoundingCoordinate>-54.6</eastBoundingCoordinate>
                    <northBoundingCoordinate>62.93</northBoundingCoordinate>
                    <southBoundingCoordinate>44.97</southBoundingCoordinate>
                </boundingCoordinates>
            </geographicCoverage>
            <taxonomicCoverage>
                <taxonomicClassification>
                    <taxonRankName>Kingdom</taxonRankName>
                    <taxonRankValue>Bryophyta</taxonRankValue>
                    <commonName>Bryophytes</commonName>
                </taxonomicClassification>
            </taxonomicCoverage>
        </coverage>
        <contact>
            <individualName>
                <givenName>Jean</givenName>
                <surName>Faubert</surName>
            </individualName>
            <organizationName>Société québécoise de bryologie</organizationName>
            <address>
                <deliveryPoint>47 rang 4 est</deliveryPoint>
                <city>Saint-Valérien-de-Rimouski</city>
                <administrativeArea>Québec</administrativeArea>
                <postalCode>G0L 4E0</postalCode>
                <country>CANADA</country>
            </address>
            <phone>418-736-4663</phone>
            <electronicMailAddress>info@societequebecoisedebryologie.org</electronicMailAddress>
            <onlineUrl>http://societequebecoisedebryologie.org</onlineUrl>
        </contact>
        <methods>
            <methodStep>
                <description>
                    <para>Inventaire des spécimens maintenu dans un fichier FileMaker.</para>
                </description>
            </methodStep>
            <sampling>
                <studyExtent>
                    <description>
                        <para>Territoire du Québec et du Labrador. Tout spécimen disponible et toute observation fiable</para>
                    </description>
                </studyExtent>
                <samplingDescription>
                    <para>Prélèvement et conservation de spécimen d&apos;herbier.
Notes de terrain</para>
                </samplingDescription>
            </sampling>
            <qualityControl>
                <description>
                    <para>Occurrences acceptées lorsque validées par une personne ayant la compétence pour reconnaître l&apos;espèce en cause</para>
                </description>
            </qualityControl>
        </methods>

            <project >
                <title>BYOQUEL La base de données des bryophytes du Québec-Labrador</title>
                <personnel>
                    <individualName>
                    <givenName>Faubert</givenName>
                    <surName>Jean</surName>
                    </individualName>
                    <role>AUTHOR</role>
                </personnel>
                <abstract>
                    <para></para>
                </abstract>
                <funding>
                    <para>Auto-financé et action bénévole</para>
                </funding>
            </project>
    </dataset>

    <additionalMetadata>
        <metadata>
            <gbif>
                <dateStamp>2025-10-11T04:46:57Z</dateStamp>
                <citation identifier="doi:10.5886/4ga8rngp">Faubert J (2016). Bryoquel : Spécimens de bryophytes de l&apos;herbier de la Société Québécoise de Bryologie. Version 8.5. Société Québécoise de Bryologie. Occurrence dataset https://doi.org/10.5886/4ga8rngp accessed via GBIF.org on 2025-10-11.</citation>
                <physical>
                    <objectName>GBIF data portal</objectName>
                    <characterEncoding>UTF-8</characterEncoding>
                    <dataFormat>
                        <externallyDefinedFormat>
                            <formatName>HTML</formatName>
                        </externallyDefinedFormat>
                    </dataFormat>
                    <distribution>
                        <online>
                            <url function="download">http://www.gbif.org/dataset/ca16e061-b737-4876-9a67-9938f3aa6c8f</url>
                        </online>
                    </distribution>
                </physical>
                <physical>
                    <objectName>Canadensys explorer</objectName>
                    <characterEncoding>UTF-8</characterEncoding>
                    <dataFormat>
                        <externallyDefinedFormat>
                            <formatName>HTML</formatName>
                        </externallyDefinedFormat>
                    </dataFormat>
                    <distribution>
                        <online>
                            <url function="download">http://data.canadensys.net/explorer/en/resources/bryoquel-specimens</url>
                        </online>
                    </distribution>
                </physical>
                <resourceLogoUrl>http://data.canadensys.net/ipt/logo.do?r=bryoquel-specimens</resourceLogoUrl>
                <collection>
                    <parentCollectionIdentifier>Not applicable</parentCollectionIdentifier>
                    <collectionIdentifier>Not applicable</collectionIdentifier>
                    <collectionName>Herbier de la Société québécoise de bryologie</collectionName>
                </collection>
                <specimenPreservationMethod>DRIED</specimenPreservationMethod>
                <jgtiCuratorialUnit>
                    <jgtiUnitType>Spécimen</jgtiUnitType>
                    <jgtiUnitRange>
                        <beginRange>10,000</beginRange>
                        <endRange>11,000</endRange>
                    </jgtiUnitRange>
                </jgtiCuratorialUnit>
            </gbif>
        </metadata>
    </additionalMetadata>
    </eml:eml>
