<?xml version="1.0" encoding="utf-8"?>
<eml:eml xmlns:eml="https://eml.ecoinformatics.org/eml-2.2.0" xmlns:xsi="http://www.w3.org/2001/XMLSchema-instance"
         xsi:schemaLocation="https://eml.ecoinformatics.org/eml-2.2.0 https://rs.gbif.org/schema/eml-gbif-profile/1.3/eml.xsd"
packageId="d446193a-7bbd-4c76-b90a-2546fcafa85c"  system="http://gbif.org" scope="system"
xml:lang="en">
    <dataset>
        <alternateIdentifier>10.15468/qwjw7w</alternateIdentifier>
        <title>Herbarium Dresdense</title>
        <pubDate>
                2025-01-01
        </pubDate>
        <language>en</language>
        <abstract>
            With around 500,000 specimens, the Herbarium Dresdense (DR) at TU Dresden is the largest herbarium in Saxony, Germany. Founded in the 1820s, the collection contains specimens from all over the world, with a particular focus on Europe and Saxony. The majority of the collection consists of vascular plants, supplemented by significant collections of mosses and lichens. Notable historical collections include the Potentilla collection of Theodor Wolf, the 18th-century Herbarium Barbiense, and collections of Heinrich Gustav Reichenbach, Oscar Drude, and many other local and international collectors from the 19th and 20th centuries. In recent years, the collection has grown steadily through field research (e.g. Germany, Angola, Vietnam, Central America).
        </abstract>
        <intellectualRights>
            <para>This work is licensed under a <ulink url="http://creativecommons.org/licenses/by/4.0/legalcode"><citetitle>Creative Commons Attribution (CC-BY) 4.0 License</citetitle></ulink>.</para>
        </intellectualRights>
        <licensed>
            <licenseName>Creative Commons Attribution 4.0 International</licenseName>
            <url>https://spdx.org/licenses/CC-BY-4.0.html</url>
            <identifier>CC-BY-4.0</identifier>
        </licensed>
        <contact>
            <individualName>
                <givenName>Sarah</givenName>
                <surName>Wagner</surName>
            </individualName>
            <address>
                <deliveryPoint>Zellescher Weg 20b, D-01217 Dresden, Germany</deliveryPoint>
            </address>
            <phone>+49 (37) 351 463 31497</phone>
            <electronicMailAddress>sarah.wagner@tu-dresden.de</electronicMailAddress>
        </contact>
        <contact>
            <individualName>
                <surName>Frank Müller</surName>
            </individualName>
            <address>
                <deliveryPoint>Zellescher Weg 20b, D-01217 Dresden, Germany</deliveryPoint>
            </address>
            <phone>+49 (37) 351 463 36032</phone>
            <electronicMailAddress>frank.mueller@tu-dresden.de</electronicMailAddress>
        </contact>

    </dataset>

    <additionalMetadata>
        <metadata>
            <gbif>
                <dateStamp>2025-10-11T04:46:55Z</dateStamp>
                <citation>Botanischer Garten, TU Dresden (2025). Herbarium Dresdense. Occurrence dataset https://doi.org/10.15468/qwjw7w accessed via GBIF.org on 2025-10-11.</citation>
            </gbif>
        </metadata>
    </additionalMetadata>
    </eml:eml>
