<?xml version="1.0" encoding="utf-8"?>
<eml:eml xmlns:eml="https://eml.ecoinformatics.org/eml-2.2.0" xmlns:xsi="http://www.w3.org/2001/XMLSchema-instance"
         xsi:schemaLocation="https://eml.ecoinformatics.org/eml-2.2.0 https://rs.gbif.org/schema/eml-gbif-profile/1.3/eml.xsd"
packageId="db2db3cd-5473-43be-b57a-95eff336f09c"  system="http://gbif.org" scope="system"
xml:lang="en">
    <dataset>
        <alternateIdentifier>10.15468/79mu7z</alternateIdentifier>
        <alternateIdentifier>db2db3cd-5473-43be-b57a-95eff336f09c</alternateIdentifier>
        <alternateIdentifier>http://ipt.nlbif.nl/resource?r=aspilanta_new_genus</alternateIdentifier>
        <title>Aspilanta new genus (Heliozelidae) specimen data</title>
        <creator>
            <individualName>
                <givenName>Erik J.</givenName>
                <surName>van Nieukerken</surName>
            </individualName>
            <organizationName>Naturalis Biodiversity Center</organizationName>
            <positionName>Research Associate</positionName>
            <address>
                <deliveryPoint>PO Box 9517</deliveryPoint>
                <city>Leiden</city>
                <postalCode>NL-2300 RA</postalCode>
                <country>NETHERLANDS</country>
            </address>
            <electronicMailAddress>nieukerken@naturalis.nl</electronicMailAddress>
            <userId directory="http://orcid.org/">0000-0002-5721-1840</userId>
        </creator>
        <creator>
            <individualName>
                <givenName>Charles S.</givenName>
                <surName>Eiseman</surName>
            </individualName>
            <address>
                <deliveryPoint>276 Old Wendell Rd.</deliveryPoint>
                <city>Northfield</city>
                <administrativeArea>MA</administrativeArea>
                <postalCode>MA 01360</postalCode>
                <country>UNITED_STATES</country>
            </address>
            <electronicMailAddress>ceiseman@gmail</electronicMailAddress>
            <onlineUrl>http://charleyeiseman.com/</onlineUrl>
            <userId directory="http://orcid.org/">0000-0001-5496-9114</userId>
        </creator>
        <creator>
            <individualName>
                <givenName>Jeroen</givenName>
                <surName>Creuwels</surName>
            </individualName>
            <organizationName>NLBIF</organizationName>
            <positionName>Data manager</positionName>
            <address>
                <deliveryPoint>PO Box 9517</deliveryPoint>
                <city>Leiden</city>
                <postalCode>NL-2300 RA</postalCode>
                <country>NETHERLANDS</country>
            </address>
            <phone>+31.71.7519362</phone>
            <electronicMailAddress>nlbif@naturalis.nl</electronicMailAddress>
            <onlineUrl>https://www.nlbif.nl/</onlineUrl>
            <userId directory="http://orcid.org/">0000-0001-6131-7026</userId>
        </creator>
        <metadataProvider>
            <individualName>
                <givenName>Erik J.</givenName>
                <surName>van Nieukerken</surName>
            </individualName>
            <organizationName>Naturalis Biodiversity Center</organizationName>
            <positionName>Research Associate</positionName>
            <address>
                <deliveryPoint>PO Box 9517</deliveryPoint>
                <city>Leiden</city>
                <postalCode>NL-2300 RA</postalCode>
                <country>NETHERLANDS</country>
            </address>
            <electronicMailAddress>nieukerken@naturalis.nl</electronicMailAddress>
            <userId directory="http://orcid.org/">0000-0002-5721-1840</userId>
        </metadataProvider>
        <associatedParty>
            <individualName>
                <givenName>Niels</givenName>
                <surName>Raes</surName>
            </individualName>
            <address>
                <deliveryPoint>PO Box 9517</deliveryPoint>
                <city>Leiden</city>
                <country>NETHERLANDS</country>
            </address>
            <phone>+31.71.7519632</phone>
            <electronicMailAddress>nlbif@naturalis.nl</electronicMailAddress>
            <onlineUrl>https://www.nlbif.nl</onlineUrl>
            <userId directory="http://orcid.org/">0000-0002-4329-4892</userId>
            <role>PROCESSOR</role>
        </associatedParty>
        <pubDate>
                2020-07-17
        </pubDate>
        <language>ENGLISH</language>
        <abstract>
            This dataset contains all specimen data of the new genus Aspilanta van Nieukerken &amp; Eiseman, 2020 (Lepidoptera, Heliozelidae) and its parasitoids, as used in the first description in ZooKeys.
        </abstract>
        <keywordSet>
            <keyword>Occurrence</keyword>
            <keywordThesaurus>GBIF Dataset Type Vocabulary: http://rs.gbif.org/vocabulary/gbif/dataset_type.xml</keywordThesaurus>
        </keywordSet>
        <keywordSet>
            <keyword>Specimen</keyword>
            <keywordThesaurus>GBIF Dataset Subtype Vocabulary: http://rs.gbif.org/vocabulary/gbif/dataset_subtype.xml</keywordThesaurus>
        </keywordSet>
        <intellectualRights>
            <para>To the extent possible under law, the publisher has waived all rights to these data and has dedicated them to the <ulink url="http://creativecommons.org/publicdomain/zero/1.0/legalcode"><citetitle>Public Domain (CC0 1.0)</citetitle></ulink>. Users may copy, modify, distribute and use the work, including for commercial purposes, without restriction.</para>
        </intellectualRights>
        <licensed>
            <licenseName>Creative Commons Zero v1.0 Universal</licenseName>
            <url>https://spdx.org/licenses/CC0-1.0.html</url>
            <identifier>CC0-1.0</identifier>
        </licensed>
        <distribution scope="document">
            <online>
                <url function="download">http://ipt.nlbif.nl/archive.do?r=aspilanta_new_genus</url>
            </online>
        </distribution>
        <coverage>
            <geographicCoverage>
                <geographicDescription>Global distribution</geographicDescription>
                <boundingCoordinates>
                    <westBoundingCoordinate>-180</westBoundingCoordinate>
                    <eastBoundingCoordinate>180</eastBoundingCoordinate>
                    <northBoundingCoordinate>90</northBoundingCoordinate>
                    <southBoundingCoordinate>-90</southBoundingCoordinate>
                </boundingCoordinates>
            </geographicCoverage>
            <temporalCoverage>
                <rangeOfDates>
                    <beginDate>
                        <calendarDate>                1925-07-24
</calendarDate>
                    </beginDate>
                    <endDate>
                        <calendarDate>                2019-10-05
</calendarDate>
                    </endDate>
                </rangeOfDates>
            </temporalCoverage>
            <taxonomicCoverage>
                <generalTaxonomicCoverage>Leafmining shield-bearer moths and their parasitoids.</generalTaxonomicCoverage>
                <taxonomicClassification>
                    <taxonRankName>Family</taxonRankName>
                    <taxonRankValue>Heliozelidae</taxonRankValue>
                    <commonName>shield-bearer moths</commonName>
                </taxonomicClassification>
                <taxonomicClassification>
                    <taxonRankName>Species</taxonRankName>
                    <taxonRankValue>Aspilanta oinophylla</taxonRankValue>
                </taxonomicClassification>
                <taxonomicClassification>
                    <taxonRankName>Species</taxonRankName>
                    <taxonRankValue>Aspilanta hydrangaeella</taxonRankValue>
                </taxonomicClassification>
                <taxonomicClassification>
                    <taxonRankName>Species</taxonRankName>
                    <taxonRankValue>Aspilanta ampelopsifoliella</taxonRankValue>
                </taxonomicClassification>
                <taxonomicClassification>
                    <taxonRankName>Species</taxonRankName>
                    <taxonRankValue>Aspilanta hydrangaeella</taxonRankValue>
                </taxonomicClassification>
                <taxonomicClassification>
                    <taxonRankName>Species</taxonRankName>
                    <taxonRankValue>Aspilanta voraginella</taxonRankValue>
                </taxonomicClassification>
                <taxonomicClassification>
                    <taxonRankName>Species</taxonRankName>
                    <taxonRankValue>Aspilanta argentifera</taxonRankValue>
                </taxonomicClassification>
                <taxonomicClassification>
                    <taxonRankName>Species</taxonRankName>
                    <taxonRankValue>Aspilanta viticordifoliella</taxonRankValue>
                </taxonomicClassification>
                <taxonomicClassification>
                    <taxonRankName>Species</taxonRankName>
                    <taxonRankValue>Heliozela eugeniella</taxonRankValue>
                </taxonomicClassification>
                <taxonomicClassification>
                    <taxonRankName>Family</taxonRankName>
                    <taxonRankValue>Eulophidae</taxonRankValue>
                </taxonomicClassification>
                <taxonomicClassification>
                    <taxonRankName>Family</taxonRankName>
                    <taxonRankValue>Braconidae</taxonRankValue>
                </taxonomicClassification>
            </taxonomicCoverage>
        </coverage>
        <maintenance>
            <description>
                <para></para>
            </description>
            <maintenanceUpdateFrequency>unkown</maintenanceUpdateFrequency>
        </maintenance>
        <contact>
            <individualName>
                <givenName>Erik J.</givenName>
                <surName>van Nieukerken</surName>
            </individualName>
            <organizationName>Naturalis Biodiversity Center</organizationName>
            <positionName>Research Associate</positionName>
            <address>
                <deliveryPoint>PO Box 9517</deliveryPoint>
                <city>Leiden</city>
                <postalCode>NL-2300 RA</postalCode>
                <country>NETHERLANDS</country>
            </address>
            <electronicMailAddress>nieukerken@naturalis.nl</electronicMailAddress>
            <userId directory="http://orcid.org/">0000-0002-5721-1840</userId>
        </contact>

    </dataset>

    <additionalMetadata>
        <metadata>
            <gbif>
                <dateStamp>2025-10-11T04:46:59Z</dateStamp>
                <citation>van Nieukerken E J, Eiseman C S, Creuwels J (2020). Aspilanta new genus (Heliozelidae) specimen data. Version 1.3. Naturalis Biodiversity Center. Occurrence dataset https://doi.org/10.15468/79mu7z accessed via GBIF.org on 2025-10-11.</citation>
                <bibliography>
                <citation>Nieukerken EJ van, Eiseman CS, 2020. Splitting the leafmining shield-bearer moth genus Antispila Hübner (Lepidoptera: Heliozelidae): North American species with reduced venation placed in Aspilanta new genus, with a review of heliozelid morphology. ZooKeys</citation>
                </bibliography>
                <resourceLogoUrl>http://ipt.nlbif.nl/resources/logo_Naturalis_rood.png</resourceLogoUrl>
            </gbif>
        </metadata>
    </additionalMetadata>
    </eml:eml>
