<?xml version="1.0" encoding="utf-8"?>
<eml:eml xmlns:eml="https://eml.ecoinformatics.org/eml-2.2.0" xmlns:xsi="http://www.w3.org/2001/XMLSchema-instance"
         xsi:schemaLocation="https://eml.ecoinformatics.org/eml-2.2.0 https://rs.gbif.org/schema/eml-gbif-profile/1.3/eml.xsd"
packageId="ed09ed80-262a-4882-8326-359a7d8f7c66"  system="http://gbif.org" scope="system"
xml:lang="en">
    <dataset>
        <alternateIdentifier>10.15468/qqawta</alternateIdentifier>
        <alternateIdentifier>https://bryophyteportal.org/portal/collections/misc/collprofiles.php?collid=44</alternateIdentifier>
        <title>Wisconsin State Herbarium, Bryophytes</title>
        <creator>
            <organizationName>Bryophyte Portal</organizationName>
            <electronicMailAddress>BryophyteConsortium@gmail.com</electronicMailAddress>
            <onlineUrl>https://bryophyteportal.org/portal/index.php</onlineUrl>
        </creator>
        <metadataProvider>
            <organizationName>Bryophyte Portal</organizationName>
            <electronicMailAddress>BryophyteConsortium@gmail.com</electronicMailAddress>
            <onlineUrl>https://bryophyteportal.org/portal/index.php</onlineUrl>
        </metadataProvider>
        <associatedParty>
            <individualName>
                <surName>Kenneth M. Cameron</surName>
            </individualName>
            <electronicMailAddress>kmcameron@wisc.edu</electronicMailAddress>
            <role>CONTENT_PROVIDER</role>
        </associatedParty>
        <pubDate>
                2025-10-01
        </pubDate>
        <language>ENGLISH</language>
        <abstract>
            <para>The University of Wisconsin-Madison Herbarium, founded in 1849, is a museum collection of dried, labeled plants of state, national and international importance, which is used extensively for taxonomic and ecological research, as well as for teaching and public service. It contains the world&amp;#39;s largest collection of Wisconsin plants, about one-third of its 1,000,000 specimens having been collected within the state. Most of the world&amp;#39;s floras are well represented, and the holdings from certain areas, such as the Upper Midwest, eastern North America and western Mexico, are widely recognized as resources of global significance.</para>
        </abstract>
        <intellectualRights>
            <para>This work is licensed under a <ulink url="http://creativecommons.org/licenses/by-nc/4.0/legalcode"><citetitle>Creative Commons Attribution Non Commercial (CC-BY-NC) 4.0 License</citetitle></ulink>.</para>
        </intellectualRights>
        <licensed>
            <licenseName>Creative Commons Attribution Non Commercial 4.0 International</licenseName>
            <url>https://spdx.org/licenses/CC-BY-NC-4.0.html</url>
            <identifier>CC-BY-NC-4.0</identifier>
        </licensed>
        <distribution scope="document">
            <online>
                <url function="download">https://bryophyteportal.org/portal/content/dwca/WIS_DwC-A.zip</url>
            </online>
        </distribution>
        <contact>
            <organizationName>Wisconsin State Herbarium, Bryophytes</organizationName>
            <electronicMailAddress>kmcameron@wisc.edu</electronicMailAddress>
            <onlineUrl>http://www.botany.wisc.edu/herbarium/</onlineUrl>
        </contact>

    </dataset>

    <additionalMetadata>
        <metadata>
            <gbif>
                <dateStamp>2025-10-11T04:46:56Z</dateStamp>
                <citation>University of Wisconsin - Madison (2025). Wisconsin State Herbarium, Bryophytes. Occurrence dataset https://doi.org/10.15468/qqawta accessed via GBIF.org on 2025-10-11.</citation>
            </gbif>
        </metadata>
    </additionalMetadata>
    </eml:eml>
