<?xml version="1.0" encoding="utf-8"?>
<eml:eml xmlns:eml="https://eml.ecoinformatics.org/eml-2.2.0" xmlns:xsi="http://www.w3.org/2001/XMLSchema-instance"
         xsi:schemaLocation="https://eml.ecoinformatics.org/eml-2.2.0 https://rs.gbif.org/schema/eml-gbif-profile/1.3/eml.xsd"
packageId="f3af5cc9-4d39-4125-8739-2bbe5cf9d9cc"  system="http://gbif.org" scope="system"
xml:lang="en">
    <dataset>
        <alternateIdentifier>10.15468/esnyfj</alternateIdentifier>
        <alternateIdentifier>https://bryophyteportal.org/portal/collections/misc/collprofiles.php?collid=18</alternateIdentifier>
        <alternateIdentifier>f3af5cc9-4d39-4125-8739-2bbe5cf9d9cc</alternateIdentifier>
        <alternateIdentifier>http://ipt.idigbio.org/resource?r=lsu-bryophytes</alternateIdentifier>
        <alternateIdentifier>http://bryophyteportal.org/portal/collections/misc/collprofiles.php?collid=18</alternateIdentifier>
        <title>Louisiana State University, Shirley C. Tucker Herbarium - Bryophytes</title>
        <creator>
            <organizationName>Bryophyte Portal</organizationName>
            <electronicMailAddress>BryophyteConsortium@gmail.com</electronicMailAddress>
            <onlineUrl>https://bryophyteportal.org/portal/index.php</onlineUrl>
        </creator>
        <metadataProvider>
            <organizationName>Bryophyte Portal</organizationName>
            <electronicMailAddress>BryophyteConsortium@gmail.com</electronicMailAddress>
            <onlineUrl>https://bryophyteportal.org/portal/index.php</onlineUrl>
        </metadataProvider>
        <associatedParty>
            <individualName>
                <surName>Jennifer S. Kluse, Collections Manager</surName>
            </individualName>
            <electronicMailAddress>jkluse@lsu.edu</electronicMailAddress>
            <role>CONTENT_PROVIDER</role>
        </associatedParty>
        <pubDate>
                2025-10-01
        </pubDate>
        <language>ENGLISH</language>
        <abstract>
            <para>Shirley C. Tucker Herbarium at Louisiana State University, Bryophyte Collection: ca. 10,000 specimens, particularly from Louisiana, California, throughout North America, Peru, and worldwide through exchange and collections by Shirley C. Tucker. Includes Tulane University (NO) bryophtyes.</para>
        </abstract>
        <intellectualRights>
            <para>To the extent possible under law, the publisher has waived all rights to these data and has dedicated them to the <ulink url="http://creativecommons.org/publicdomain/zero/1.0/legalcode"><citetitle>Public Domain (CC0 1.0)</citetitle></ulink>. Users may copy, modify, distribute and use the work, including for commercial purposes, without restriction.</para>
        </intellectualRights>
        <licensed>
            <licenseName>Creative Commons Zero v1.0 Universal</licenseName>
            <url>https://spdx.org/licenses/CC0-1.0.html</url>
            <identifier>CC0-1.0</identifier>
        </licensed>
        <distribution scope="document">
            <online>
                <url function="download">https://bryophyteportal.org/portal/content/dwca/LSU-Bryophytes_DwC-A.zip</url>
            </online>
        </distribution>
        <contact>
            <organizationName>Louisiana State University, Shirley C. Tucker Herbarium - Bryophytes</organizationName>
            <phone>225-578-8564</phone>
            <electronicMailAddress>jkluse@lsu.edu</electronicMailAddress>
            <onlineUrl>http://www.herbarium.lsu.edu/</onlineUrl>
        </contact>

    </dataset>

    <additionalMetadata>
        <metadata>
            <gbif>
                <dateStamp>2025-10-11T04:46:56Z</dateStamp>
                <citation>Louisiana State University Herbarium (2025). Louisiana State University, Shirley C. Tucker Herbarium - Bryophytes. Occurrence dataset https://doi.org/10.15468/esnyfj accessed via GBIF.org on 2025-10-11.</citation>
            </gbif>
        </metadata>
    </additionalMetadata>
    </eml:eml>
