<?xml version="1.0" encoding="utf-8"?>
<eml:eml xmlns:eml="https://eml.ecoinformatics.org/eml-2.2.0" xmlns:xsi="http://www.w3.org/2001/XMLSchema-instance"
         xsi:schemaLocation="https://eml.ecoinformatics.org/eml-2.2.0 https://rs.gbif.org/schema/eml-gbif-profile/1.3/eml.xsd"
packageId="fb9863f4-68cf-4e90-bc4d-2b15bdebf889"  system="http://gbif.org" scope="system"
xml:lang="en">
    <dataset>
        <alternateIdentifier>10.15468/9jutqw</alternateIdentifier>
        <title>Entomologische Sammlung (ETHZ-ENT) of Eidgenössische Technische Hochschule Zürich</title>
        <creator>
            <individualName>
                <surName>Entomologische Sammlung der ETH Zürich</surName>
            </individualName>
            <organizationName>Eidgenössische Technische Hochschule Zürich</organizationName>
            <positionName>Technical Support</positionName>
            <address>
                <country>SWITZERLAND</country>
            </address>
        </creator>
        <pubDate>
                2025-09-09
        </pubDate>
        <language>ENGLISH</language>
        <abstract>
            <para>Entomological collection of the Swiss Federal Institute of Technology in Zurich. With 2 million specimens mostly from Switzerland and Europe; the collection is the fourth largest entomological collection in Switzerland.</para>
        </abstract>
        <intellectualRights>
            <para>This work is licensed under a <ulink url="http://creativecommons.org/licenses/by/4.0/legalcode"><citetitle>Creative Commons Attribution (CC-BY) 4.0 License</citetitle></ulink>.</para>
        </intellectualRights>
        <licensed>
            <licenseName>Creative Commons Attribution 4.0 International</licenseName>
            <url>https://spdx.org/licenses/CC-BY-4.0.html</url>
            <identifier>CC-BY-4.0</identifier>
        </licensed>
        <distribution scope="document">
            <online>
                <url function="download">https://dagi.gbif.ch/attachments/fat_030zfeT7fpJJYpmTJRbbWv/download</url>
            </online>
        </distribution>
        <maintenance>
            <description>
                <para>n/a</para>
            </description>
            <maintenanceUpdateFrequency>unkown</maintenanceUpdateFrequency>
        </maintenance>
        <contact>
            <individualName>
                <givenName>Michael</givenName>
                <surName>Greeff</surName>
            </individualName>
            <organizationName>Eidgenössische Technische Hochschule Zürich</organizationName>
            <positionName>Curator of Entomology</positionName>
            <address>
                <deliveryPoint>Weinbergstrasse 56/58</deliveryPoint>
                <city>Zürich</city>
                <postalCode>CH-8092</postalCode>
                <country>SWITZERLAND</country>
            </address>
            <electronicMailAddress>michael.greeff@usys.ethz.ch</electronicMailAddress>
        </contact>

    </dataset>

    <additionalMetadata>
        <metadata>
            <gbif>
                <dateStamp>2025-10-11T04:46:53Z</dateStamp>
                <citation>Entomologische Sammlung der ETH Zürich (2025). Entomologische Sammlung (ETHZ-ENT) of Eidgenössische Technische Hochschule Zürich. SwissNatColl. Occurrence dataset https://doi.org/10.15468/9jutqw accessed via GBIF.org on 2025-10-11.</citation>
            </gbif>
        </metadata>
    </additionalMetadata>
    </eml:eml>
