<?xml version="1.0" encoding="utf-8"?>
<eml:eml xmlns:eml="https://eml.ecoinformatics.org/eml-2.2.0" xmlns:xsi="http://www.w3.org/2001/XMLSchema-instance"
         xsi:schemaLocation="https://eml.ecoinformatics.org/eml-2.2.0 https://rs.gbif.org/schema/eml-gbif-profile/1.3/eml.xsd"
packageId="8029939e-64dd-4fb6-ab3c-3ece9201cfc2"  system="http://gbif.org" scope="system"
xml:lang="en">
    <dataset>
        <title>GBIF Occurrence Download 0002115-251009101135966</title>
        <creator>
            <individualName>
                <surName>GBIF Download Service</surName>
            </individualName>
            <electronicMailAddress>support@gbif.org</electronicMailAddress>
        </creator>
        <metadataProvider>
            <individualName>
                <surName>GBIF Download Service</surName>
            </individualName>
            <electronicMailAddress>support@gbif.org</electronicMailAddress>
        </metadataProvider>
        <pubDate>
                2025-10-09
        </pubDate>
        <language>ENGLISH</language>
        <abstract>
            A dataset containing all occurrences available in GBIF matching the query:
{
  "and" : [
    "GadmGid is CAN.11.20_1",
    "OccurrenceStatus is Present",
    "TaxonKey is one of (Danaus plexippus, Asclepias syriaca)"
  ]
}
The dataset includes records from the following constituent datasets. The full metadata for each constituent is also included in this archive:
14 records from Insectarium de Montréal (IMQC)
1 records from Ross A. Layberry, Collection
1 records from Canadian National Collection (CNC) of Insects, Arachnids and Nematodes
26 records from Lyman Entomological Museum
363 records from eButterfly Surveys
2 records from Herbier du Québec (QUE) - Collection de plantes vasculaires
1 records from Canadian Museum of Nature Herbarium
1 records from McGill University Herbarium Database
27 records from Pl@ntNet observations
1155 records from Monarch Watch
2 records from Observation.org, Nature data from around the World
4 records from Pl@ntNet automatically identified occurrences
1 records from Herbier Louis-Marie (QFA) - Collection de plantes vasculaires
43 records from Marie-Victorin Herbarium (MT) - Plantes vasculaires
29 records from Ross A. Layberry Observations
4021 records from iNaturalist Research-grade Observations

        </abstract>
        <contact>
            <individualName>
                <surName>GBIF Download Service</surName>
            </individualName>
            <electronicMailAddress>support@gbif.org</electronicMailAddress>
        </contact>

    </dataset>

    <additionalMetadata>
        <metadata>
            <gbif>
                <dateStamp>2025-10-09T20:32:52Z</dateStamp>
                <citation identifier="0002115-251009101135966">GBIF Occurrence Download 0002115-251009101135966</citation>
                <physical>
                    <objectName>Darwin Core Archive</objectName>
                    <characterEncoding>UTF-8</characterEncoding>
                    <dataFormat>
                        <externallyDefinedFormat>
                            <formatName>Darwin Core Archive</formatName>
                        </externallyDefinedFormat>
                    </dataFormat>
                    <distribution>
                        <online>
                            <url function="download">https://api.gbif.org/v1/occurrence/download/request/0002115-251009101135966.zip</url>
                        </online>
                    </distribution>
                </physical>
            </gbif>
        </metadata>
    </additionalMetadata>
    </eml:eml>
