<?xml version="1.0" encoding="utf-8"?>
<eml:eml xmlns:eml="https://eml.ecoinformatics.org/eml-2.2.0" xmlns:xsi="http://www.w3.org/2001/XMLSchema-instance"
         xsi:schemaLocation="https://eml.ecoinformatics.org/eml-2.2.0 https://rs.gbif.org/schema/eml-gbif-profile/1.3/eml.xsd"
packageId="93261f86-2750-4c5b-8305-277962d0f439"  system="http://gbif.org" scope="system"
xml:lang="en">
    <dataset>
        <title>GBIF Occurrence Download 0008031-251009101135966</title>
        <creator>
            <individualName>
                <surName>GBIF Download Service</surName>
            </individualName>
            <electronicMailAddress>support@gbif.org</electronicMailAddress>
        </creator>
        <metadataProvider>
            <individualName>
                <surName>GBIF Download Service</surName>
            </individualName>
            <electronicMailAddress>support@gbif.org</electronicMailAddress>
        </metadataProvider>
        <pubDate>
                2025-10-11
        </pubDate>
        <language>ENGLISH</language>
        <abstract>
            A dataset containing all occurrences available in GBIF matching the query:
{
  "and" : [
    "GadmGid is CAN.11.20_1",
    "OccurrenceStatus is Present",
    "TaxonKey is one of (Plantae, Lepidoptera)"
  ]
}
The dataset includes records from the following constituent datasets. The full metadata for each constituent is also included in this archive:
61764 records from iNaturalist Research-grade Observations
576 records from International Barcode of Life project (iBOL)
2 records from University of British Columbia Herbarium (UBC) - Vascular Plant Collection
374 records from INSDC Sequences
195 records from Centre for Biodiversity Genomics - Canadian Specimens
9 records from Lund University Biological Museum - Botanical collection (LD)
14 records from Deaver Herbarium (Northern Arizona University)
1 records from Bryophyte Collection - University of Washington Herbarium (WTU)
1 records from University of North Carolina at Chapel Hill Herbarium: Bryophytes
6 records from A global database for the distributions of crop wild relatives
112 records from Museum of Comparative Zoology, Harvard University
55 records from NABU|naturgucker
1493 records from Pl@ntNet observations
26 records from CSIC-Real Jardín Botánico-Colección de Plantas Vasculares (MA)
3 records from University of Alberta E. H. Strickland Entomological Museum (UASM)
10 records from Observation.org, Nature data from around the World
33 records from Entomology Division, Yale Peabody Museum
124 records from The vascular plants collection (P) at the Herbarium of the Muséum national d'Histoire Naturelle (MNHN - Paris)
25 records from University of Michigan Herbarium
138 records from The New York Botanical Garden Herbarium (NY)
3 records from Earth Guardians Weekly Feed
1 records from Herbarium of Taiwan Forestry Research Institute
4 records from The Albert J. Cook Arthropod Research Collection
6 records from Tropicos MO Specimen Data
44 records from Botany Division, Yale Peabody Museum
4498 records from Pl@ntNet automatically identified occurrences
1 records from Natural History Museum (London) Collection Specimens
11 records from Field Museum of Natural History (Botany) Seed Plant Collection
28 records from R. L. McGregor Herbarium Vascular Plants Collection
1 records from United Herbaria of the University and ETH Zurich
112 records from Field Museum of Natural History (Zoology) Insect, Arachnid and Myriapod Collection
13 records from University of Alberta Vascular Plant Herbarium (ALTA-VP)
1 records from 2007-2022_nibr_simpl_in
1 records from Living Collection of the Gothenburg Botanical Garden
2 records from Auckland Museum Botany Collection
841 records from Herbier du Québec (QUE) - Collection de plantes vasculaires
1 records from The cryptogamy collection (PC) at the Herbarium of the Muséum national d'Histoire Naturelle (MNHN - Paris)
2 records from Tiroler Landesmuseum Ferdinandeum
1 records from University of Vermont, Pringle Herbarium
2 records from Field Museum of Natural History (Botany) Pteridophyte Collection
5 records from Washington State University Marion Ownbey Herbarium
1 records from Cleveland Museum of Natural History
1 records from Eastern Illinois University, Stover-Ebinger Herbarium
79 records from G. S. Torrey Herbarium at the University of Connecticut (CONN)
173 records from Marie-Victorin Herbarium (MT) - Bryophytes
4 records from Morris Arboretum of University of Pennsylvania
49 records from University of Tennessee Bryophyte Herbarium
49 records from Canadian National Collection (CNC) of Insects, Arachnids and Nematodes
1 records from Herbier Louis-Marie (QFA) - Collection de bryophytes
678 records from Ross A. Layberry Observations
1 records from Putnam Museum and Science Center
7 records from Bruce Bennett Herbarium (BABY)
91 records from Carnegie Museum of Natural History Herbarium
43 records from Wisconsin State Herbarium, Vascular Plants
10 records from Naturalis Biodiversity Center (NL) - Botany
4768 records from Marie-Victorin Herbarium (MT) - Plantes vasculaires
933 records from Herbier Louis-Marie (QFA) - Collection de plantes vasculaires
2 records from C.P. Gillette Museum of Arthropod Diversity
184 records from Indiana University Herbarium, Deam Herbarium
2 records from Royal Ontario Museum - Entomology Collection
2 records from LACM Entomology Collection
1 records from University of Michigan Museum of Zoology, Division of Insects
168 records from Canadian Museum of Nature Herbarium
4 records from Lyman Entomological Museum (LEMQ)
2 records from University of North Carolina at Chapel Hill Herbarium: Vascular Plants
129 records from University of British Columbia Herbarium (UBC) - Bryophytes Collection
3 records from Masaryk University - Herbarium BRNU
5 records from NMNH Extant Specimen Records (USNM, US)
22 records from University of Minnesota Insect Collection
10 records from RSA - California Botanic Garden Herbarium
1 records from Snow Entomological Museum Collection
3 records from Paleobiology Database
17 records from Entomologische Sammlung (ETHZ-ENT) of Eidgenössische Technische Hochschule Zürich
12 records from University of South Florida Herbarium (USF)
4408 records from eButterfly Surveys
1 records from United States National Plant Germplasm System Collection
1 records from Kathryn Kalmbach Herbarium
3 records from Idaho State University, Ray J. Davis Herbarium Vascular Plants
2 records from University of Florida Herbarium - Bryophytes
1 records from Albion R. Hodgdon Herbarium, University of New Hampshire
2 records from Natural History Collections of the Faculty of Biology AMU
1155 records from Monarch Watch
20 records from Academy of Natural Sciences of Drexel University
2 records from University of Florida Lepidoptery
2 records from Denver Museum of Nature &amp; Science - Entomology
3 records from Lepidoptera World (Luomus) (LEPW)
21 records from University of Colorado, Museum of Natural History Herbarium Bryophyte Collection
4 records from Carnet en Ligne
1 records from Herbarium Horti Botanici Pisani (PI), Sistema Museale di Ateneo, Università di Pisa
1 records from Miami University Turrell Herbarium - Bryophytes
2 records from CMC Cincinnati Museum Center Invertebrate Paleontology
7 records from University of Idaho, Stillinger Herbarium Vascular Plants
8 records from Miami University Turrell Herbarium - Vascular Plants
1 records from Ohio State University Herbarium
2 records from Herbarium Dresdense
3 records from CAS Botany (BOT)
1 records from New Brunswick Museum - Insects
7 records from Royal British Columbia Museum Entomology Collection
19 records from Insectarium de Montréal (IMQC)
1729 records from Lyman Entomological Museum
1 records from Louisiana State University, Shirley C. Tucker Herbarium - Bryophytes
14 records from The Lepidopterists' Society Season Summary
1 records from West Virginia University Herbarium
19 records from Aggregated occurrence records of invasive European frog-bit (Hydrocharis morsus-ranae L.) across North America
25 records from UQTR-herbarium (Herbier Estelle-Lacoursière)
90 records from Brassicaceae of Canada
70 records from Wisconsin State Herbarium, Bryophytes
5 records from A Distribution and Taxonomic Reference Dataset of Geranium (Geraniaceae) in the New World
6 records from Bell Museum bryophytes
1 records from First record in Quebec for the inconsolable underwing Catocala insolabilis Guenée (Lepidoptera: Erebidae, Erebinae)
2 records from Bryoquel : Spécimens de bryophytes de l'herbier de la Société Québécoise de Bryologie
2 records from Global occurrence records of Robinia specialist insect herbivores
34 records from Ross A. Layberry, Collection
3 records from Canadian National Collection of Insects, Arachnids, and Nematodes (CNC)
23 records from Phragmites of Canada
1 records from Naturhistorisches Museum Mainz, Botanical Collection
2 records from WELT Herbarium at Museum of New Zealand Te Papa Tongarewa
1 records from Royal Botanic Gardens, Kew - Herbarium Specimens
3 records from Royal Ontario Museum Green Plant Herbarium (TRT)
1 records from Allan Herbarium (CHR)
20 records from University of Vermont, Pringle Herbarium, North American bryophytes
703 records from McGill University Herbarium Database
1 records from The Erysiphales Collection at the Botanische Staatssammlung München
16 records from Washington State University Marion Ownbey Herbarium - Bryophytes
38 records from Academy of Natural Sciences of Drexel University - Bryophytes
2 records from Washington State University Herbarium
4 records from New Brunswick Museum Collection
6 records from University of Guelph, Department of Environmental Biology
1 records from University of Calgary Herbarium - Lycophytes and Monilophytes
2 records from University of Western Ontario Collection
1 records from Aspilanta new genus (Heliozelidae) specimen data
1 records from Northern Forestry Centre Arthropod Collection, Edmonton
1 records from Tropicos Specimens Non-MO
1 records from San Diego Natural History Museum Entomology Department
1 records from University of Tennessee Vascular Herbarium
1 records from University of Tartu Natural History Museum and Botanical Garden Zooloogical Collections
1 records from National Herbarium of Victoria (MEL) AVH data
18 records from Field Museum of Natural History (Botany) Bryophyte Collection
4 records from Bell Museum plants
221 records from E. C. Smith Herbarium (ACAD)
1 records from University of Cincinnati, Margaret H. Fulford Herbarium - Bryophytes

        </abstract>
        <contact>
            <individualName>
                <surName>GBIF Download Service</surName>
            </individualName>
            <electronicMailAddress>support@gbif.org</electronicMailAddress>
        </contact>

    </dataset>

    <additionalMetadata>
        <metadata>
            <gbif>
                <dateStamp>2025-10-11T04:47:00Z</dateStamp>
                <citation identifier="0008031-251009101135966">GBIF Occurrence Download 0008031-251009101135966</citation>
                <physical>
                    <objectName>Darwin Core Archive</objectName>
                    <characterEncoding>UTF-8</characterEncoding>
                    <dataFormat>
                        <externallyDefinedFormat>
                            <formatName>Darwin Core Archive</formatName>
                        </externallyDefinedFormat>
                    </dataFormat>
                    <distribution>
                        <online>
                            <url function="download">https://api.gbif.org/v1/occurrence/download/request/0008031-251009101135966.zip</url>
                        </online>
                    </distribution>
                </physical>
            </gbif>
        </metadata>
    </additionalMetadata>
    </eml:eml>
