<?xml version="1.0" encoding="utf-8"?>
<eml:eml xmlns:eml="https://eml.ecoinformatics.org/eml-2.2.0" xmlns:xsi="http://www.w3.org/2001/XMLSchema-instance"
         xsi:schemaLocation="https://eml.ecoinformatics.org/eml-2.2.0 https://rs.gbif.org/schema/eml-gbif-profile/1.3/eml.xsd"
packageId="84461682-f762-11e1-a439-00145eb45e9a"  system="http://gbif.org" scope="system"
xml:lang="en">
    <dataset>
        <alternateIdentifier>10.15468/puqlvl</alternateIdentifier>
        <alternateIdentifier>483</alternateIdentifier>
        <title>Lyman Entomological Museum</title>
        <language>ENGLISH</language>
        <abstract>
            Transcribed from specimen labels at LEM, received at CNC electronically; latitude and longitude provided by CNC or collector.
        </abstract>
        <intellectualRights>
            <para>To the extent possible under law, the publisher has waived all rights to these data and has dedicated them to the <ulink url="http://creativecommons.org/publicdomain/zero/1.0/legalcode"><citetitle>Public Domain (CC0 1.0)</citetitle></ulink>. Users may copy, modify, distribute and use the work, including for commercial purposes, without restriction.</para>
        </intellectualRights>
        <licensed>
            <licenseName>Creative Commons Zero v1.0 Universal</licenseName>
            <url>https://spdx.org/licenses/CC0-1.0.html</url>
            <identifier>CC0-1.0</identifier>
        </licensed>
        <distribution scope="document">
            <online>
                <url function="information">http://www.agrenv.mcgill.ca/FACILITY/LYMAN.HTM</url>
            </online>
        </distribution>
        <distribution scope="document">
            <online>
                <url function="download">https://orphans.gbif.org/CA/84461682-f762-11e1-a439-00145eb45e9a.zip</url>
            </online>
        </distribution>
        <maintenance>
            <description>
                <para></para>
            </description>
            <maintenanceUpdateFrequency>unkown</maintenanceUpdateFrequency>
        </maintenance>
        <contact>
            <individualName>
                <surName>Stephanie Boucher</surName>
            </individualName>
            <phone>1 514 398-7914</phone>
            <electronicMailAddress>sboucher[AT]nrs.mcgill.ca</electronicMailAddress>
        </contact>

    </dataset>

    <additionalMetadata>
        <metadata>
            <gbif>
                <dateStamp>2025-10-09T20:32:50Z</dateStamp>
                <citation>Canadian Biodiversity Information Facility. Lyman Entomological Museum. Occurrence dataset https://doi.org/10.15468/puqlvl accessed via GBIF.org on 2025-10-09.</citation>
                <physical>
                    <objectName>GBIF Occurrence Download</objectName>
                    <characterEncoding>UTF-8</characterEncoding>
                    <dataFormat>
                        <externallyDefinedFormat>
                            <formatName>Darwin Core Archive</formatName>
                        </externallyDefinedFormat>
                    </dataFormat>
                    <distribution>
                        <online>
                            <url function="download">http://api.gbif.org/v1/occurrence/download/request/0012538-180131172636756.zip</url>
                        </online>
                    </distribution>
                </physical>
            </gbif>
        </metadata>
    </additionalMetadata>
    </eml:eml>
