<?xml version="1.0" encoding="utf-8"?>
<eml:eml xmlns:eml="https://eml.ecoinformatics.org/eml-2.2.0" xmlns:xsi="http://www.w3.org/2001/XMLSchema-instance"
         xsi:schemaLocation="https://eml.ecoinformatics.org/eml-2.2.0 https://rs.gbif.org/schema/eml-gbif-profile/1.3/eml.xsd"
packageId="c4a5efee-4c61-45d8-bd7a-6275b2388308"  system="http://gbif.org" scope="system"
xml:lang="fr">
    <dataset>
        <alternateIdentifier>10.5886/jd11sg3p</alternateIdentifier>
        <alternateIdentifier>https://data.canadensys.net/ipt/resource?r=que-specimens</alternateIdentifier>
        <alternateIdentifier>http://data.canadensys.net/ipt/resource?r=que-specimens</alternateIdentifier>
        <alternateIdentifier>http://data.canadensys.net/ipt/resource.do?r=que-specimens</alternateIdentifier>
        <alternateIdentifier>c4a5efee-4c61-45d8-bd7a-6275b2388308</alternateIdentifier>
        <title>Herbier du Québec (QUE) - Collection de plantes vasculaires</title>
        <creator>
            <individualName>
                <givenName>Picard</givenName>
                <surName>Amélie</surName>
            </individualName>
            <organizationName>Herbier du Québec, Gouvernement du Québec, ministère de l&apos;Agriculture, des Pêcheries et de l&apos;Alimentation</organizationName>
            <positionName>Conservatrice associée</positionName>
            <address>
                <deliveryPoint>Laboratoire d’expertise et de diagnostic en phytoprotection, 2700 rue Einstein</deliveryPoint>
                <city>Québec</city>
                <administrativeArea>Québec</administrativeArea>
                <postalCode>G1P 3W8</postalCode>
                <country>CANADA</country>
            </address>
            <phone>418 643-5027, poste 2713</phone>
            <electronicMailAddress>amelie.picard@mapaq.gouv.qc.ca</electronicMailAddress>
            <onlineUrl>https://herbierduquebec.gouv.qc.ca/</onlineUrl>
        </creator>
        <creator>
            <individualName>
                <givenName>Audrey</givenName>
                <surName>Turcotte</surName>
            </individualName>
            <organizationName>Herbier du Québec, Gouvernement du Québec, ministère des Ressources naturelles et des Forêts</organizationName>
            <positionName>Conservatrice associée</positionName>
            <address>
                <deliveryPoint>Direction de la recherche forestière, 2700 rue Einstein</deliveryPoint>
                <city>Québec</city>
                <administrativeArea>Québec</administrativeArea>
                <postalCode>G1P 3W8</postalCode>
                <country>CANADA</country>
            </address>
            <phone>418-643-7994 poste 704156</phone>
            <electronicMailAddress>audrey.turcotte@mrnf.gouv.qc.ca</electronicMailAddress>
            <onlineUrl>https://herbierduquebec.gouv.qc.ca/</onlineUrl>
            <userId directory="https://orcid.org/">0009-0003-6307-7865</userId>
        </creator>
        <metadataProvider>
            <individualName>
                <givenName>Audrey</givenName>
                <surName>Turcotte</surName>
            </individualName>
            <organizationName>Herbier du Québec, Gouvernement du Québec, ministère des Ressources naturelles et des Forêts</organizationName>
            <positionName>Conservatrice associée</positionName>
            <address>
                <deliveryPoint>Direction de la recherche forestière, 2700 rue Einstein</deliveryPoint>
                <city>Québec</city>
                <administrativeArea>Québec</administrativeArea>
                <postalCode>G1P 3W8</postalCode>
                <country>CANADA</country>
            </address>
            <phone>418-643-7994 poste 704156</phone>
            <electronicMailAddress>audrey.turcotte@mrnf.gouv.qc.ca</electronicMailAddress>
            <onlineUrl>https://herbierduquebec.gouv.qc.ca/</onlineUrl>
            <userId directory="https://orcid.org/">0009-0003-6307-7865</userId>
        </metadataProvider>
        <metadataProvider>
            <individualName>
                <givenName>Amélie</givenName>
                <surName>Picard</surName>
            </individualName>
            <organizationName>Herbier du Québec, Gouvernement du Québec, ministère de l&apos;Agriculture, des Pêcheries et de l&apos;Alimentation</organizationName>
            <positionName>Conservatrice associée</positionName>
            <address>
                <deliveryPoint>Laboratoire d’expertise et de diagnostic en phytoprotection, 2700 rue Einstein</deliveryPoint>
                <city>Québec</city>
                <administrativeArea>Québec</administrativeArea>
                <postalCode>G1P 3W8</postalCode>
                <country>CANADA</country>
            </address>
            <phone>418 643-5027, poste 2713</phone>
            <electronicMailAddress>amelie.picard@mapaq.gouv.qc.ca</electronicMailAddress>
            <onlineUrl>https://herbierduquebec.gouv.qc.ca/</onlineUrl>
        </metadataProvider>
        <associatedParty>
            <individualName>
                <givenName>Audrey</givenName>
                <surName>Turcotte</surName>
            </individualName>
            <organizationName>Herbier du Québec, Gouvernement du Québec, ministère des Ressources naturelles et des Forêts</organizationName>
            <positionName>Conservatrice associée</positionName>
            <address>
                <deliveryPoint>Direction de la recherche forestière, 2700 rue Einstein</deliveryPoint>
                <city>Québec</city>
                <administrativeArea>Québec</administrativeArea>
                <postalCode>G1P 3W8</postalCode>
                <country>CANADA</country>
            </address>
            <phone>418-643-7994 poste 704156</phone>
            <electronicMailAddress>audrey.turcotte@mrnf.gouv.qc.ca</electronicMailAddress>
            <onlineUrl>https://herbierduquebec.gouv.qc.ca/</onlineUrl>
            <userId directory="https://orcid.org/">0009-0003-6307-7865</userId>
            <role>CURATOR</role>
        </associatedParty>
        <associatedParty>
            <individualName>
                <givenName>Amélie</givenName>
                <surName>Picard</surName>
            </individualName>
            <organizationName>Herbier du Québec, Gouvernement du Québec, Ministère de l&apos;Agriculture, des Pêcheries et de l&apos;Alimentation</organizationName>
            <positionName>Conservatrice associée</positionName>
            <address>
                <deliveryPoint>Direction de la recherche forestière, 2700 rue Einstein</deliveryPoint>
                <city>Québec</city>
                <administrativeArea>Québec</administrativeArea>
                <postalCode>G1P 3W8</postalCode>
                <country>CANADA</country>
            </address>
            <phone>418-643-5027 poste 2713</phone>
            <electronicMailAddress>amelie.picard@mapaq.gouv.qc.ca</electronicMailAddress>
            <role>CURATOR</role>
        </associatedParty>
        <pubDate>
                2025-07-16
        </pubDate>
        <language>FRENCH</language>
        <abstract>
            <para>La collection de plantes vasculaires de l’Herbier du Québec comprend près de 152 000 spécimens, dont 3 000 au stade de plantules. Les plantes adventices et autres plantes d’intérêt agronomique, de même que les plantes du milieu forestier, y sont bien représentées. Les spécimens proviennent majoritairement des régions tempérées, boréales et arctiques du Québec, de l’est du Canada et du nord-est des États-Unis. La majorité des spécimens date des années 1920 à 2010. 

Ce jeu de données inclut des récoltes issues de plusieurs collections d’importance patrimoniale et scientifique, notamment :
•	La collection Dominique-Napoléon Saint-Cyr : premier conservateur de l’Herbier du musée de l’Instruction publique (1880-1890). Elle compte 5000 spécimens provenant principalement de Minganie et d’Anticosti.
•	La collection Jacques-Rousseau : botaniste spécialiste de la flore nordique (1930-1950). Elle comprend 5000 spécimens provenant d’Anticosti, du lac Mistassini et du Nouveau-Québec.
•	La collection Richard-Cayouette : conservateur de QUE entre 1942 et 1979. avec Elle tient, dans le cadre du projet de flore, 11 000 spécimens des régions de Québec, du Saguenay-Lac-Saint-Jean et de la Côte-Nord. 
•	La collection Pierre-Masson : conservateur ou conservateur adjoint de 1950 à 1987. Elle compte 27 000 spécimens des régions sud du Québec.

The vascular plant collection of the Quebec Herbarium includes nearly 152,000 specimens, including nearly 3,000 seedlings. Weeds, other agronomically significant plants as well as forest plants are well represented. The specimens mainly come from the temperate, boreal and arctic regions of Quebec, eastern Canada and the north-eastern United States. Most of the specimens date from the 1920s to 2010.

This dataset includes collections of significant heritage and scientific importance, notably:
•	The Dominique-Napoléon Saint-Cyr Collection: first curator of the Herbarium of the Museum of Public Instruction (1880-1890). It includes 5,000 specimens mainly from Minganie and Anticosti.
•	The Jacques-Rousseau Collection: botanist specializing in northern flora (1930-1950). It includes comprising 5,000 specimens from Anticosti, Lake Mistassini and Nouveau-Québec.
•	The Richard-Cayouette Collection: curator of QUE between 1942 and 1979. As part of the flora project, it holds 11,000 specimens from the regions of Quebec, Saguenay-Lac-Saint-Jean and Côte-Nord.
•	The Pierre-Masson Collection: curator or assistant curator from 1950 to 1987. It holds 27,000 specimens from the southern regions of Quebec.</para>
        </abstract>
        <keywordSet>
            <keyword>Specimen</keyword>
            <keywordThesaurus>GBIF Dataset Subtype Vocabulary: http://rs.gbif.org/vocabulary/gbif/dataset_subtype.xml</keywordThesaurus>
        </keywordSet>
        <keywordSet>
            <keyword>Occurrence</keyword>
            <keywordThesaurus>GBIF Dataset Type Vocabulary: http://rs.gbif.org/vocabulary/gbif/dataset_type.xml</keywordThesaurus>
        </keywordSet>
        <keywordSet>
            <keyword>Occurrence</keyword>
            <keywordThesaurus>GBIF Dataset Type Vocabulary: http://rs.gbif.org/vocabulary/gbif/dataset_type_2015-07-10.xml</keywordThesaurus>
        </keywordSet>
        <additionalInfo>
            <para>L&apos;Herbier du Québec comprend près de 200 000 spécimens, dont 152 000 plantes vasculaires, 25 000 bryophytes et lichens, 3 000 plantules de plantes vasculaires, ainsi qu&apos;une petite collection d’algues marines (moins de 200 spécimens). Les plantes adventices et autres plantes d’intérêt agronomique y sont bien représentées. Les spécimens proviennent majoritairement des régions tempérées, boréales et arctiques du Québec, de l’Est du Canada et du nord-est des États-Unis. L’Herbier du Québec héberge également l’Herbier Campagna-Dubé (QSA), composé de 16 000 spécimens, anciennement conservé à l’Institut de technologie agroalimentaire de La Pocatière. En 2017, les collections phycologiques Jules-Brunel et Irénée-Marie (algues marines et d’eau douce), comprenant 5 000 spécimens, ont été cédées à l’Herbier du Québec par l’Université de Montréal. / The Herbarium of Quebec comprises nearly 200,000 specimens, including 152,000 vascular plants, 25,000 bryophytes and lichens, 3,000 seedlings of vascular plants, and a small collection of marine algae (fewer than 200 specimens). Weeds and other plants of agronomic interest are well represented. The specimens mainly come from the temperate, boreal, and arctic regions of Quebec, Eastern Canada, and the northeastern United States. The Herbarium of Quebec also houses the Campagna-Dubé Herbarium (QSA), consisting of 16,000 specimens, formerly conserved at the Institut de technologie agroalimentaire de La Pocatière. In 2017, the Jules-Brunel and Irénée-Marie phycological collections (marine and freshwater algae), comprising 5,000 specimens, were transferred to the Herbarium of Quebec by the Université de Montréal.</para>
        </additionalInfo>
        <intellectualRights>
            <para>To the extent possible under law, the publisher has waived all rights to these data and has dedicated them to the <ulink url="http://creativecommons.org/publicdomain/zero/1.0/legalcode"><citetitle>Public Domain (CC0 1.0)</citetitle></ulink>. Users may copy, modify, distribute and use the work, including for commercial purposes, without restriction.</para>
        </intellectualRights>
        <licensed>
            <licenseName>Creative Commons Zero v1.0 Universal</licenseName>
            <url>https://spdx.org/licenses/CC0-1.0.html</url>
            <identifier>CC0-1.0</identifier>
        </licensed>
        <distribution scope="document">
            <online>
                <url function="information">http://herbierduquebec.gouv.qc.ca/</url>
            </online>
        </distribution>
        <distribution scope="document">
            <online>
                <url function="download">https://data.canadensys.net/ipt/archive.do?r=que-specimens</url>
            </online>
        </distribution>
        <coverage>
            <geographicCoverage>
                <geographicDescription>L&apos;Herbier du Québec accorde une priorité aux espèces tempérées, boréales et arctiques du Québec et de l’est du Canada. Ce jeu de données présente des spécimens provenant principalement du Québec mais aussi d’autres provinces canadiennes. / The Herbier du Québec grants a priority to the temperate, boreal and arctic species from Québec. This dataset is mainly composed of specimens collected in Québec but also includes specimens collected in other canadian provinces.</geographicDescription>
                <boundingCoordinates>
                    <westBoundingCoordinate>-139.083</westBoundingCoordinate>
                    <eastBoundingCoordinate>144.6</eastBoundingCoordinate>
                    <northBoundingCoordinate>81.817</northBoundingCoordinate>
                    <southBoundingCoordinate>-42.45</southBoundingCoordinate>
                </boundingCoordinates>
            </geographicCoverage>
        </coverage>
        <maintenance>
            <description>
                <para></para>
            </description>
            <maintenanceUpdateFrequency>unkown</maintenanceUpdateFrequency>
        </maintenance>
        <contact>
            <individualName>
                <givenName>Audrey</givenName>
                <surName>Turcotte</surName>
            </individualName>
            <organizationName>Herbier du Québec, Gouvernement du Québec, ministère des Ressources naturelles et des Forêts</organizationName>
            <positionName>Conservatrice associée</positionName>
            <address>
                <deliveryPoint>Direction de la recherche forestière, 2700 rue Einstein</deliveryPoint>
                <city>Québec</city>
                <administrativeArea>Québec</administrativeArea>
                <postalCode>G1P 3W8</postalCode>
                <country>CANADA</country>
            </address>
            <phone>418-643-7994 poste 704156</phone>
            <electronicMailAddress>audrey.turcotte@mrnf.gouv.qc.ca</electronicMailAddress>
            <onlineUrl>https://herbierduquebec.gouv.qc.ca/</onlineUrl>
            <userId directory="https://orcid.org/">0009-0003-6307-7865</userId>
        </contact>

    </dataset>

    <additionalMetadata>
        <metadata>
            <gbif>
                <dateStamp>2025-10-09T20:32:51Z</dateStamp>
                <citation identifier="doi:10.5886/jd11sg3p">Amélie P, Turcotte A, Picard A (2025). Herbier du Québec (QUE) - Collection de plantes vasculaires. Version 2.10. Gouvernement du Québec. Occurrence dataset https://doi.org/10.5886/jd11sg3p accessed via GBIF.org on 2025-10-09.</citation>
                <physical>
                    <objectName>GBIF data portal</objectName>
                    <characterEncoding>UTF-8</characterEncoding>
                    <dataFormat>
                        <externallyDefinedFormat>
                            <formatName>HTML</formatName>
                        </externallyDefinedFormat>
                    </dataFormat>
                    <distribution>
                        <online>
                            <url function="download">http://www.gbif.org/dataset/c4a5efee-4c61-45d8-bd7a-6275b2388308</url>
                        </online>
                    </distribution>
                </physical>
                <physical>
                    <objectName>Old Canadensys explorer</objectName>
                    <characterEncoding>UTF-8</characterEncoding>
                    <dataFormat>
                        <externallyDefinedFormat>
                            <formatName>HTML</formatName>
                        </externallyDefinedFormat>
                    </dataFormat>
                    <distribution>
                        <online>
                            <url function="download">http://data.canadensys.net/explorer/en/resources/que-specimens</url>
                        </online>
                    </distribution>
                </physical>
                <physical>
                    <objectName>Canadensys Explorer</objectName>
                    <characterEncoding>UTF-8</characterEncoding>
                    <dataFormat>
                        <externallyDefinedFormat>
                            <formatName>HTML</formatName>
                        </externallyDefinedFormat>
                    </dataFormat>
                    <distribution>
                        <online>
                            <url function="download">http://explorer.canadensys.net/occurrences/search?q=data_resource_uid:dr0#tab_mapView</url>
                        </online>
                    </distribution>
                </physical>
                <resourceLogoUrl>http://data.canadensys.net/ipt/logo.do?r=que-specimens</resourceLogoUrl>
                <collection>
                    <parentCollectionIdentifier>QUE</parentCollectionIdentifier>
                    <collectionIdentifier>QUE</collectionIdentifier>
                    <collectionName>Herbier du Québec</collectionName>
                </collection>
                <formationPeriod>1792-présent</formationPeriod>
                <specimenPreservationMethod>MOUNTED</specimenPreservationMethod>
            </gbif>
        </metadata>
    </additionalMetadata>
    </eml:eml>
